,band,telescope,obsmjd,mag,mag_err,alert,Unnamed: 0
0,J,P200,59031.0,19.088,0.416,True,
1,H,P200,59031.0,17.848,0.176,True,
2,Ks,P200,59031.0,17.283,0.074,True,
3,J,P200,59121.0,19.706,0.529,True,
4,H,P200,59121.0,17.96,0.385,True,
5,Ks,P200,59121.0,17.654,0.084,True,
6,H,P200,59249.0,18.573,0.603,True,
7,Ks,P200,59249.0,18.08,0.053,True,
8,J,P200_sextractor,59031.0,18.0348,0.0,True,
9,H,P200_sextractor,59031.0,18.02,0.0,True,
10,Ks,P200_sextractor,59031.0,17.32,0.0,True,
11,J,P200_sextractor,59121.0,20.46,0.0,True,
12,H,P200_sextractor,59121.0,18.71,0.0,True,
13,Ks,P200_sextractor,59121.0,17.76,0.0,True,
14,H,P200_sextractor,59249.0,21.1,0.0,True,
15,Ks,P200_sextractor,59249.0,18.3,0.0,True,
16,UVW1,Swift,58659.78854484481,19.107174759482117,0.0973,True,0.0
17,U,Swift,58659.7905128747,18.472754069491018,0.1006,True,1.0
18,B,Swift,58659.7915243534,18.4764188950076,0.1191,True,2.0
19,UVW2,Swift,58659.7944571436,19.525675181543008,0.0996,True,3.0
20,V,Swift,58659.79738176151,18.37823259102435,0.1709,True,4.0
21,UVM2,Swift,58659.8016044712,19.42603682470462,0.0883,True,5.0
22,UVW1,Swift,58672.45259553661,19.33622783867057,0.099,True,6.0
23,U,Swift,58672.4536191868,18.721011808099945,0.1037,True,7.0
24,B,Swift,58672.4541145829,18.53768109500812,0.1145,True,8.0
25,UVW2,Swift,58672.455332737,19.96153284290883,0.1063,True,9.0
26,V,Swift,58672.4568844326,18.866203448314977,0.1903,True,10.0
27,UVM2,Swift,58672.4587656469,19.795192302045614,0.0902,True,11.0
28,UVW1,Swift,58678.267107131,19.589538710709004,0.1235,True,12.0
29,U,Swift,58678.26796510071,18.746748793301748,0.1214,True,13.0
30,B,Swift,58678.2684087162,18.159627912455186,0.1145,True,14.0
31,UVW2,Swift,58678.2696153778,20.234861802357543,0.1286,True,15.0
32,V,Swift,58678.27088990901,18.55046663980956,0.2022,True,16.0
33,UVM2,Swift,58678.2726693503,20.036049319110116,0.1063,True,17.0
34,U,Swift,58683.7623978765,18.85716904342988,0.1905,True,18.0
35,B,Swift,58683.7627717699,18.400963415200906,0.1923,True,19.0
36,UVW2,Swift,58683.7637992092,19.97057608606911,0.1717,True,20.0
37,V,Swift,58683.764813688605,18.59308706836853,0.3139,True,21.0
38,UVM2,Swift,58683.7660620427,19.5657182078221,0.1544,True,22.0
39,UVW1,Swift,58683.830723323896,19.34154533287071,0.106,True,23.0
40,UVW1,Swift,58688.4083206081,19.43353463375501,0.1531,True,24.0
41,U,Swift,58688.4092884474,18.57097955956196,0.148,True,25.0
42,B,Swift,58688.4098027423,18.492517187147957,0.1764,True,26.0
43,UVW2,Swift,58688.4112475566,19.76528024867304,0.1387,True,27.0
44,V,Swift,58688.412679154,18.9154023666188,0.3,True,28.0
45,UVM2,Swift,58688.4146820628,19.763228951865862,0.1321,True,29.0
46,UVW1,Swift,58693.6874959753,19.134972010487893,0.0878,True,30.0
47,U,Swift,58693.6892163963,18.71952056029371,0.0987,True,31.0
48,B,Swift,58693.6899205749,18.399667493209915,0.1039,True,32.0
49,UVW2,Swift,58693.6912134308,19.82391174771797,0.0973,True,33.0
50,V,Swift,58693.6939606131,18.36934006549977,0.1491,True,34.0
51,UVM2,Swift,58693.695510137804,19.539740970973035,0.083,True,35.0
52,UVW1,Swift,58705.7479276159,19.051280317681137,0.1044,True,36.0
53,U,Swift,58705.7495035445,18.54214048843552,0.1138,True,37.0
54,B,Swift,58705.7503166473,18.33679780914536,0.1248,True,38.0
55,UVW2,Swift,58705.7526763384,19.807604683914423,0.1155,True,39.0
56,V,Swift,58705.7550273459,18.11510888890957,0.1724,True,40.0
57,UVM2,Swift,58705.7585004806,19.580827770270048,0.0993,True,41.0
58,UVW1,Swift,58707.269841593705,19.179619984228594,0.0973,True,42.0
59,U,Swift,58707.2719360432,18.588256933808903,0.1027,True,43.0
60,B,Swift,58707.273011561,18.31766691348414,0.1083,True,44.0
61,UVW2,Swift,58707.2761364686,19.81255274696645,0.1047,True,45.0
62,V,Swift,58707.27925218269,18.637629038866415,0.1825,True,46.0
63,UVM2,Swift,58707.2838713867,19.672214768769752,0.0915,True,47.0
64,UVW1,Swift,58712.4132152265,19.399115724239078,0.1119,True,48.0
65,U,Swift,58712.41413551151,18.74099705589742,0.1234,True,49.0
66,B,Swift,58712.4146585539,18.681789482634645,0.1563,True,50.0
67,UVW2,Swift,58712.4162941459,19.9439831344073,0.1119999999999999,True,51.0
68,V,Swift,58712.4176216079,18.47630478324124,0.1842,True,52.0
69,UVM2,Swift,58712.4198647114,19.629000358450416,0.0968,True,53.0
70,UVW1,Swift,58719.5551929413,19.563300269466115,0.178,True,54.0
71,U,Swift,58719.555949955706,18.35068060058336,0.1507,True,55.0
72,B,Swift,58719.556357879694,18.411457236457217,0.1913,True,56.0
73,UVW2,Swift,58719.5574835171,20.209206581554817,0.1797,True,57.0
74,V,Swift,58719.5585980457,18.007005152793838,0.2399,True,58.0
75,UVM2,Swift,58719.5601840913,19.63404113527469,0.1408,True,59.0
76,UVW1,Swift,58724.333813217,19.68233051312155,0.1195,True,60.0
77,U,Swift,58724.334907352,18.607717797956223,0.1117,True,61.0
78,B,Swift,58724.3354655742,18.33843317234633,0.1238,True,62.0
79,UVW2,Swift,58724.337002968,19.83662438739525,0.1062,True,63.0
80,V,Swift,58724.3386210641,18.27604741407497,0.1628,True,64.0
81,UVM2,Swift,58724.3408333301,19.83738530366514,0.0948,True,65.0
82,UVW1,Swift,58729.5793039976,19.736571506729454,0.1257,True,66.0
83,U,Swift,58729.5803761119,18.8782022235551,0.1296,True,67.0
84,B,Swift,58729.5809004307,18.6862221457277,0.2123,True,68.0
85,UVW2,Swift,58729.91464638901,20.23838903294656,0.1736,True,69.0
86,V,Swift,58729.9158867621,18.69241112584437,0.3089,True,70.0
87,UVM2,Swift,58729.9180046604,19.99287818097615,0.1383,True,71.0
88,UVW1,Swift,58734.4289056035,19.758957490383885,0.1241,True,72.0
89,U,Swift,58734.4309645537,18.64346505641574,0.1062,True,73.0
90,B,Swift,58734.4320231518,18.48154232232961,0.1186,True,74.0
91,UVW2,Swift,58734.4350946192,20.34805296866105,0.1214,True,75.0
92,V,Swift,58734.4381589987,18.338546795646348,0.1655,True,76.0
93,UVM2,Swift,58734.4428347708,20.086388186303385,0.1023,True,77.0
94,UVW1,Swift,58750.42808533231,19.74895406300002,0.1001,True,78.0
95,U,Swift,58750.4289073576,18.94225387633364,0.1075,True,79.0
96,UVW2,Swift,58750.4307380049,20.54591237081481,0.1097,True,80.0
97,UVM2,Swift,58750.4339967384,20.16453131104846,0.086,True,81.0
98,V,Swift,58750.4319328545,18.60072901342581,0.156,True,82.0
99,B,Swift,58750.4293696163,18.677729187637265,0.123,True,83.0
100,UVM2,Swift,59007.6898168516,21.333854721719987,0.1558,True,84.0
101,UVW1,Swift,59007.692830919805,21.08025111207718,0.1485,True,85.0
102,U,Swift,59007.6947196033,20.04042313065948,0.1238,True,86.0
103,UVW2,Swift,59007.6970416876,21.40716227690154,0.1257,True,87.0
104,ZTF_g,P48,58599.2523843,21.462083127067864,0.1719187765860308,False,
105,ZTF_g,P48,58600.3937269,21.339215010720466,0.182497793977667,False,
106,ZTF_g,P48,58600.39875,21.13912842057496,0.1410662611749716,False,
107,ZTF_g,P48,58600.3997106,21.40730202507218,0.1829468606111249,False,
108,ZTF_r,P48,58600.4695833,21.13734832886567,0.1665191833693854,False,
109,ZTF_r,P48,58605.3794097,20.672963203592257,0.1398164753465134,False,
110,ZTF_r,P48,58605.4004282,20.509565630433187,0.1022994391265957,False,
111,ZTF_r,P48,58605.4013426,20.5607371866069,0.1066520719889212,False,
112,ZTF_r,P48,58605.4197338,20.64448375916089,0.1576380201227963,False,
113,ZTF_g,P48,58605.4842593,20.42491622190742,0.1018655880772283,False,
114,ZTF_r,P48,58606.3095255,20.51218127106345,0.1469864771700102,False,
115,ZTF_r,P48,58607.3615509,20.14643013195457,0.0625102457304265,False,
116,ZTF_r,P48,58607.3783449,20.18358387516622,0.0731605975498716,False,
117,ZTF_g,P48,58607.4166204,20.306201520336465,0.069994312432917,False,
118,ZTF_g,P48,58607.4359954,20.26031237834763,0.0628034076422772,False,
119,ZTF_g,P48,58608.3175116,20.19126161991004,0.0869217453357036,False,
120,ZTF_r,P48,58608.3406019,20.070568447900268,0.1123659687631608,False,
121,ZTF_r,P48,58608.3577431,19.97944766568785,0.1008811787444584,False,
122,ZTF_r,P48,58608.3591319,20.040033485617084,0.0926262699880629,False,
123,ZTF_r,P48,58608.3795718,20.19246272499017,0.1544819300441781,False,
124,ZTF_g,P48,58608.4022685,20.24300592145764,0.0847157535880437,False,
125,ZTF_g,P48,58608.4031713,20.19436917447933,0.0695903674971116,False,
126,ZTF_r,P48,58608.4945255,20.489749115039587,0.1340551298645852,False,
127,ZTF_r,P48,58612.4211574,19.708442831524493,0.0389027492671757,False,
128,ZTF_r,P48,58612.4616551,19.803597838077057,0.0427024649310885,False,
129,ZTF_i,P48,58616.3191088,19.344182103941517,0.0643023315379809,False,
130,ZTF_r,P48,58616.3771065,19.3509744365905,0.0367495557943192,False,
131,ZTF_r,P48,58616.3966204,19.366492841653407,0.0321541355032956,False,
132,ZTF_g,P48,58616.4556597,19.41799525489108,0.0279081069867384,False,
133,ZTF_g,P48,58616.4565741,19.43324160766832,0.0309706642229848,False,
134,ZTF_g,P48,58616.4630787,19.44507234822907,0.0286826631455331,False,
135,ZTF_g,P48,58616.4843866,19.404728668539576,0.0440263052864257,False,
136,ZTF_r,P48,58617.3178704,19.230191853275212,0.0421354200958316,False,
137,ZTF_r,P48,58617.3378704,19.1983772676714,0.0421827042722696,False,
138,ZTF_r,P48,58617.3586574,19.32328761298229,0.0502361358032315,False,
139,ZTF_g,P48,58617.4154398,19.380323883766952,0.040960318976478,False,
140,ZTF_g,P48,58617.4201968,19.30401981501054,0.0354068074016586,False,
141,ZTF_g,P48,58617.4429167,19.398356264889,0.0272435044247145,False,
142,ZTF_r,P48,58618.233912,19.494993676338645,0.0933291213127066,False,
143,ZTF_r,P48,58618.3364931,19.14374418879531,0.0766492672015009,False,
144,ZTF_r,P48,58618.3566898,19.25150874650607,0.0544912941537152,False,
145,ZTF_g,P48,58618.4196181,19.09131324781461,0.092087854276066,False,
146,ZTF_g,P48,58618.4412384,19.08732713312577,0.1543483338041222,False,
147,ZTF_r,P48,58619.3503935,19.158001672615296,0.1042809428315778,False,
148,ZTF_r,P48,58627.3956019,18.75818746312628,0.0253050971535079,False,
149,ZTF_i,P48,58627.453912,18.849598520208502,0.0385880258583975,False,
150,ZTF_r,P48,58628.3596065,18.758239736651955,0.0245924060148512,False,
151,ZTF_r,P48,58628.376331,18.7345054525766,0.0237237837467544,False,
152,ZTF_r,P48,58628.3772454,18.77015882663114,0.0247858896663619,False,
153,ZTF_r,P48,58632.2739236,18.648016331422195,0.0216704687104518,False,
154,ZTF_r,P48,58632.3005787,18.68019227900153,0.022016710540048,False,
155,ZTF_r,P48,58632.3015509,18.657917532097088,0.0246615640554653,False,
156,ZTF_r,P48,58632.3305208,18.666594654773693,0.0209761535164602,False,
157,ZTF_g,P48,58632.3366551,18.643814619294496,0.0157706106125812,False,
158,ZTF_g,P48,58632.3375579,18.633070478846754,0.0156340026124862,False,
159,ZTF_g,P48,58632.4251389,18.65825990263345,0.019108055040024,False,
160,ZTF_g,P48,58632.4390046,18.75790748394347,0.0240246444765594,False,
161,ZTF_i,P48,58633.2830556,18.571090189056005,0.0343941878835347,False,
162,ZTF_r,P48,58633.3536458,18.65550461456538,0.018859769470452,False,
163,ZTF_r,P48,58633.3540972,18.66709166767167,0.0193710861164457,False,
164,ZTF_r,P48,58634.3540625,18.653438692266608,0.0178679709097716,False,
165,ZTF_r,P48,58634.3545139,18.605070263544683,0.0176406395289789,False,
166,ZTF_r,P48,58635.2856944,18.574913361692264,0.014067790889211,False,
167,ZTF_r,P48,58635.2866088,18.52563734915305,0.0134352838230446,False,
168,ZTF_r,P48,58635.358125,18.57889793513482,0.0165827724330088,False,
169,ZTF_r,P48,58635.3790972,18.582570506091315,0.0137498888417343,False,
170,ZTF_g,P48,58635.4200694,18.611013770488864,0.0140762594773841,False,
171,ZTF_g,P48,58635.4209838,18.588746511587008,0.0130094083011662,False,
172,ZTF_g,P48,58635.4428125,18.610600288176112,0.015425816918155,False,
173,ZTF_g,P48,58635.475162,18.573628753158243,0.0282092272858212,False,
174,ZTF_i,P48,58636.2983333,18.47813109680001,0.0261165263795673,False,
175,ZTF_g,P48,58637.2663079,18.56113005141986,0.0147778662040977,False,
176,ZTF_r,P48,58637.315706,18.508124947262065,0.0161782362102502,False,
177,ZTF_r,P48,58637.3346991,18.519751914669406,0.0151289778389412,False,
178,ZTF_g,P48,58637.4413426,18.518296776219167,0.0144051264292547,False,
179,ZTF_r,P48,58638.2681713,18.49030993457873,0.0145228051147801,False,
180,ZTF_r,P48,58638.288287,18.465013749410502,0.0139701390206993,False,
181,ZTF_r,P48,58638.2892014,18.475703607780105,0.0154413403930385,False,
182,ZTF_r,P48,58638.310625,18.52939152451609,0.0153734617771123,False,
183,ZTF_g,P48,58638.3517014,18.528738709445985,0.0149708878327903,False,
184,ZTF_g,P48,58638.3525926,18.5862365913761,0.0149923572988673,False,
185,ZTF_g,P48,58638.3578819,18.538098316865103,0.0137596729639656,False,
186,ZTF_g,P48,58639.2565046,18.47325581494195,0.0145374223029128,False,
187,ZTF_r,P48,58639.2975,18.451653755930312,0.0168788675896361,False,
188,ZTF_r,P48,58639.3164583,18.426590210017707,0.0193062823159624,False,
189,ZTF_g,P48,58639.4313542,18.496024075372464,0.0128820774557675,False,
190,ZTF_g,P48,58639.4554977,18.48682044353925,0.0125657546992572,False,
191,ZTF_r,P48,58640.2553935,18.39468533516825,0.014659551256266,False,
192,ZTF_r,P48,58640.2798843,18.40315033283416,0.0138136236261937,False,
193,ZTF_i,P48,58640.2980208,18.35625383705082,0.0226669990941258,False,
194,ZTF_g,P48,58640.3350231,18.46167663204116,0.011790526196266,False,
195,ZTF_g,P48,58640.3577546,18.471373828125216,0.0143104591560537,False,
196,ZTF_g,P48,58641.1954977,18.44916607106665,0.019903380898211,False,
197,ZTF_g,P48,58641.2112384,18.53365172370024,0.0205725509575648,False,
198,ZTF_g,P48,58641.2121528,18.46951620532678,0.0180595737268931,False,
199,ZTF_g,P48,58641.2345023,18.365403651497147,0.0301511596738165,False,
200,ZTF_r,P48,58641.2942014,18.406489726481126,0.0125912101299883,False,
201,ZTF_r,P48,58641.3326389,18.434220512786663,0.0127369556597645,False,
202,ZTF_r,P48,58641.3335995,18.394462646833404,0.0113956890720747,False,
203,ZTF_r,P48,58642.2449769,18.359919513215928,0.013464072921435,False,
204,ZTF_r,P48,58642.2711111,18.41725935300204,0.0136113089379191,False,
205,ZTF_r,P48,58642.2783102,18.3892375477092,0.013127319313089,False,
206,ZTF_g,P48,58642.3871181,18.402821218257166,0.010986850485454,False,
207,ZTF_g,P48,58642.4169444,18.445934636188323,0.0111164049958952,False,
208,ZTF_r,P48,58643.2557639,18.345622433923484,0.0161697405795015,False,
209,ZTF_r,P48,58643.2781019,18.34135840178687,0.0181682753131357,False,
210,ZTF_r,P48,58643.2948032,18.34852697949733,0.0196462513892108,False,
211,ZTF_g,P48,58643.333287,18.440888415854623,0.015771650579191,False,
212,ZTF_g,P48,58643.353287,18.463148719129418,0.0148603114122155,False,
213,ZTF_g,P48,58643.4266782,18.480892192187454,0.0182217264822399,False,
214,ZTF_g,P48,58644.2139931,18.43721284342328,0.0187916138744108,False,
215,ZTF_i,P48,58644.2364699,18.3161662850582,0.0288350785396265,False,
216,ZTF_r,P48,58644.2768056,18.30560271534794,0.0159952946235408,False,
217,ZTF_r,P48,58644.2964352,18.364471275363357,0.0207940467907355,False,
218,ZTF_r,P48,58644.2973958,18.27171280460713,0.0166086280273348,False,
219,ZTF_r,P48,58644.3137153,18.326030547655535,0.0160850751168087,False,
220,ZTF_g,P48,58644.3404167,18.385194049403747,0.0142133336107,False,
221,ZTF_g,P48,58644.341331,18.370020011699197,0.0147100526824359,False,
222,ZTF_g,P48,58645.2484259,18.366955358917924,0.0213606891211947,False,
223,ZTF_r,P48,58645.3146065,18.316229968892237,0.0183823508198645,False,
224,ZTF_g,P48,58645.407963,18.34061775987792,0.0127751399217209,False,
225,ZTF_r,P48,58646.2460764,18.382754488825363,0.0339962330040746,False,
226,ZTF_r,P48,58646.2465394,18.30230023901205,0.0365873441929089,False,
227,ZTF_r,P48,58646.2513079,18.299389985849697,0.0190216733468775,False,
228,ZTF_r,P48,58646.276713,18.330923693600035,0.0239065506421938,False,
229,ZTF_r,P48,58646.3086574,18.264289973021523,0.0366273522915647,False,
230,ZTF_g,P48,58646.3185301,18.36854816139261,0.0257742685288224,False,
231,ZTF_g,P48,58647.2163773,18.369883069490257,0.0281270015549171,False,
232,ZTF_r,P48,58647.2551273,18.285183530249743,0.0214720498176436,False,
233,ZTF_r,P48,58647.2741319,18.277962369089863,0.0240005111501035,False,
234,ZTF_r,P48,58647.2750347,18.25599339443589,0.0202576086778822,False,
235,ZTF_g,P48,58647.3385995,18.340422341426084,0.0235796140059761,False,
236,ZTF_g,P48,58647.3695602,18.397875700489134,0.0263227647114122,False,
237,ZTF_g,P48,58647.3704861,18.33937640039109,0.0223002564064524,False,
238,ZTF_i,P48,58648.3070949,18.231986656321688,0.0305444377153158,False,
239,ZTF_g,P48,58650.2134028,18.33466824142387,0.0385413793602954,False,
240,ZTF_r,P48,58650.2937616,18.19577163620725,0.0288062585734365,False,
241,ZTF_r,P48,58651.3514468,18.289224565219428,0.0387208555669904,False,
242,ZTF_i,P48,58652.2564236,18.193793586026064,0.0356154765217323,False,
243,ZTF_r,P48,58653.2252894,18.187442246284498,0.0223011654114491,False,
244,ZTF_r,P48,58654.2123264,18.21249391824896,0.013545107070833,False,
245,ZTF_g,P48,58654.2754745,18.32795439735638,0.0290028209690234,False,
246,ZTF_g,P48,58654.2979167,18.310187537474263,0.0331026039670681,False,
247,ZTF_r,P48,58654.3430324,18.24651276509234,0.0229228894821202,False,
248,ZTF_r,P48,58654.3506366,18.290085884382943,0.0304450843168797,False,
249,ZTF_r,P48,58654.351088,18.30883524994922,0.0274714588857961,False,
250,ZTF_r,P48,58654.3585417,18.27917922989773,0.0269796755070657,False,
251,ZTF_r,P48,58655.1927546,18.2460366306765,0.016570421257855,False,
252,ZTF_r,P48,58655.2106597,18.29439038493202,0.0200180372079166,False,
253,ZTF_g,P48,58655.2727894,18.363121474014797,0.0360290913010072,False,
254,ZTF_r,P48,58655.3168287,18.35157182917389,0.034447058049512,False,
255,ZTF_r,P48,58655.3172801,18.32539532794995,0.0284817553270864,False,
256,ZTF_g,P48,58657.215544,18.27830375992073,0.0118329050691431,False,
257,ZTF_g,P48,58657.2350694,18.30605724243897,0.0135999861460034,False,
258,ZTF_g,P48,58657.2373727,18.30453003698073,0.0134623480605308,False,
259,ZTF_r,P48,58657.3428588,18.2384163758444,0.0165137797946287,False,
260,ZTF_r,P48,58657.3437731,18.157743632752123,0.0180849440662072,False,
261,ZTF_r,P48,58657.3823495,18.231315319461476,0.020198251111436,False,
262,ZTF_g,P48,58658.2168981,18.286195429161687,0.0125713872162578,False,
263,ZTF_i,P48,58659.1799653,18.163313330921667,0.0252396659727296,False,
264,ZTF_g,P48,58660.1730208,18.25837690041068,0.0254461805612328,False,
265,ZTF_g,P48,58660.2034259,18.31294646923073,0.0116727820687517,False,
266,ZTF_r,P48,58660.2474884,18.133358735331637,0.0108010623680055,False,
267,ZTF_r,P48,58661.3060995,18.167107625790106,0.0124824787493841,False,
268,ZTF_r,P48,58661.3159028,18.20857108759173,0.012389713432139,False,
269,ZTF_i,P48,58663.1844676,18.081242584070388,0.0226021450218844,False,
270,ZTF_r,P48,58663.3025116,18.16370809230597,0.0128486857824127,False,
271,ZTF_r,P48,58663.3039005,18.103738475407788,0.0109195039749045,False,
272,ZTF_r,P48,58663.3172338,18.143899528635075,0.0129028095998233,False,
273,ZTF_g,P48,58665.2132523,18.2861586923222,0.0116542564373508,False,
274,ZTF_g,P48,58666.2128009,18.241413521367782,0.0115172497185299,False,
275,ZTF_g,P48,58666.2137153,18.278553974839664,0.010891853484169,False,
276,ZTF_g,P48,58666.2345949,18.307914131364264,0.0124428280447692,False,
277,ZTF_r,P48,58666.252963,18.16428179632868,0.0119403826439116,False,
278,ZTF_r,P48,58666.2538542,18.1893304057431,0.012254001167391,False,
279,ZTF_i,P48,58667.1803009,18.07837791127889,0.0216490459136343,False,
280,ZTF_g,P48,58667.3191319,18.2800156521671,0.0118178153342782,False,
281,ZTF_r,P48,58668.3209722,18.141045410574016,0.0122586333974546,False,
282,ZTF_r,P48,58669.3165625,18.1287149266479,0.0115864841388165,False,
283,ZTF_r,P48,58669.3280903,18.137104469445543,0.0107332691360517,False,
284,ZTF_g,P48,58670.282338,18.30314803931377,0.0118594446256653,False,
285,ZTF_r,P48,58670.3125926,18.17392306265511,0.0120606843316688,False,
286,ZTF_i,P48,58671.1821412,17.977377109977734,0.0186356443757421,False,
287,ZTF_r,P48,58671.1915509,18.069393764939857,0.0137611111157385,False,
288,ZTF_g,P48,58671.2839005,18.279060594694517,0.0127084639988937,False,
289,ZTF_r,P48,58672.2065278,18.14032629975868,0.0130173346934075,False,
290,ZTF_r,P48,58672.2290625,18.16682945529472,0.013110923381391,False,
291,ZTF_g,P48,58672.3012847,18.27851323582636,0.009956464671032,False,
292,ZTF_g,P48,58672.3310069,18.300902751435444,0.0111522712719425,False,
293,ZTF_g,P48,58673.3099306,18.30720918100356,0.0135234355316394,False,
294,ZTF_g,P48,58673.3193981,18.278590241093497,0.012085886810688,False,
295,ZTF_g,P48,58674.1918519,18.24596627478601,0.0178094160313906,False,
296,ZTF_r,P48,58674.2112037,18.171402186352044,0.0213683297702899,False,
297,ZTF_r,P48,58674.2284606,18.16336910515075,0.0177766000333202,False,
298,ZTF_r,P48,58674.228912,18.20727359067376,0.0171039485217236,False,
299,ZTF_g,P48,58674.3544676,18.26925952776955,0.0127594692038334,False,
300,ZTF_i,P48,58675.2184954,17.977378193645283,0.019132588053795,False,
301,ZTF_r,P48,58675.2328588,18.09816997430661,0.0164372015399069,False,
302,ZTF_r,P48,58675.2452778,18.156011187717485,0.0180514544597087,False,
303,ZTF_g,P48,58675.2971644,18.2305553494275,0.0199317696310011,False,
304,ZTF_g,P48,58675.3100579,18.29482945112167,0.0202482668423591,False,
305,ZTF_g,P48,58675.3543056,18.3006396836842,0.0159852660581679,False,
306,ZTF_r,P48,58677.236169,18.221488813319088,0.0251379778112669,False,
307,ZTF_r,P48,58677.2366204,18.202111950836706,0.025312970765575,False,
308,ZTF_r,P48,58678.2132986,18.14415437490016,0.0206629672099717,False,
309,ZTF_r,P48,58678.2301736,18.162490870099173,0.0229140744577964,False,
310,ZTF_g,P48,58678.2869676,18.360688684067608,0.0332316095185218,False,
311,ZTF_i,P48,58679.2546528,18.01212422441295,0.0197602384055835,False,
312,ZTF_g,P48,58681.1856019,18.225488073524907,0.0316674804815775,False,
313,ZTF_g,P48,58681.1865394,18.320975324144506,0.0347425373271585,False,
314,ZTF_g,P48,58681.1906944,18.293040334407458,0.0369976749480845,False,
315,ZTF_g,P48,58681.2098727,18.268345246228265,0.0346267114920565,False,
316,ZTF_r,P48,58681.2686806,18.11188940970205,0.0269303991368939,False,
317,ZTF_r,P48,58681.2790278,18.12712272756628,0.0263985445781263,False,
318,ZTF_g,P48,58682.1877662,18.2884565352211,0.0207372176607136,False,
319,ZTF_g,P48,58682.1926852,18.298617463189608,0.0244011494354672,False,
320,ZTF_g,P48,58682.2109954,18.30731247496839,0.0242456176875172,False,
321,ZTF_r,P48,58682.2822917,18.10018833602657,0.0180515544594275,False,
322,ZTF_r,P48,58682.289294,18.238721855862835,0.02502172763427,False,
323,ZTF_r,P48,58682.2897454,18.232584053112927,0.0274018226515697,False,
324,ZTF_r,P48,58684.1728935,18.100469306614745,0.0126861462034995,False,
325,ZTF_g,P48,58684.1913657,18.275563040580188,0.0115940445191271,False,
326,ZTF_g,P48,58684.2111806,18.29780653883177,0.0138405977775823,False,
327,ZTF_g,P48,58684.2120833,18.30198582772428,0.0143219088924708,False,
328,ZTF_g,P48,58685.1688889,18.2574477750851,0.0170463489844034,False,
329,ZTF_g,P48,58685.2061921,18.28058755052053,0.0122306357036315,False,
330,ZTF_g,P48,58685.291412,18.244788694993872,0.0188452225423573,False,
331,ZTF_i,P48,58685.3056481,17.939443578915593,0.020051579576141,False,
332,ZTF_r,P48,58685.3234144,18.108646046761805,0.0168278112107102,False,
333,ZTF_g,P48,58686.2085648,18.249522274181164,0.0105614340280835,False,
334,ZTF_g,P48,58686.2856366,18.283413143821285,0.016374723602867,False,
335,ZTF_r,P48,58686.3058796,18.12103620177052,0.0155435790261145,False,
336,ZTF_g,P48,58690.1909954,18.24353801486873,0.0117923748673602,False,
337,ZTF_g,P48,58690.276331,18.229838041374297,0.0113959297552055,False,
338,ZTF_i,P48,58690.3285995,17.965559996634155,0.016194841024293,False,
339,ZTF_r,P48,58691.1868519,18.106379028069437,0.011003865836052,False,
340,ZTF_r,P48,58691.1911343,18.081626878439327,0.0117006014360356,False,
341,ZTF_g,P48,58691.2265741,18.24510302804945,0.0115112640212191,False,
342,ZTF_g,P48,58691.2275231,18.232079070204684,0.0108856279339237,False,
343,ZTF_g,P48,58691.3104745,18.261456225383817,0.0120010912973132,False,
344,ZTF_g,P48,58693.2370139,18.237382664379822,0.0144635951522236,False,
345,ZTF_g,P48,58693.288044,18.24400947240626,0.0136173434934908,False,
346,ZTF_r,P48,58694.2087269,18.078138770042152,0.0127939235879521,False,
347,ZTF_g,P48,58694.2278125,18.24468607523791,0.0112030430298667,False,
348,ZTF_r,P48,58695.2337731,18.197080258811837,0.0143803277571281,False,
349,ZTF_r,P48,58695.234213,18.197858599885773,0.0158092848263641,False,
350,ZTF_g,P48,58696.2603819,18.2036241802805,0.011508173252277,False,
351,ZTF_r,P48,58696.3477778,18.06957862847616,0.0135345247910861,False,
352,ZTF_r,P48,58697.1576736,17.98827010690391,0.0154167642431622,False,
353,ZTF_r,P48,58697.1680324,18.0268650749986,0.0109921167047165,False,
354,ZTF_g,P48,58697.2055556,18.221027743786163,0.0117347599142671,False,
355,ZTF_g,P48,58697.2069676,18.207304341041464,0.0113456411500022,False,
356,ZTF_r,P48,58698.1588773,18.07221557258962,0.0369565821189346,False,
357,ZTF_g,P48,58698.1931134,18.19269513578955,0.0159873210104552,False,
358,ZTF_g,P48,58699.180787,18.18037891388548,0.0134512293285464,False,
359,ZTF_g,P48,58699.2025926,18.223179347936465,0.0115495505415448,False,
360,ZTF_r,P48,58700.1730556,18.008263893045754,0.0102395705869953,False,
361,ZTF_r,P48,58700.1740162,18.018294415070145,0.0113657688381721,False,
362,ZTF_g,P48,58700.2569907,18.19665051509373,0.0132016736960346,False,
363,ZTF_r,P48,58702.1704051,18.068436728156183,0.0793558008788943,False,
364,ZTF_i,P48,58703.163669,17.90581204898795,0.0224980727719642,False,
365,ZTF_r,P48,58703.1685532,18.14939782800124,0.0310838357813254,False,
366,ZTF_g,P48,58703.1986458,18.188477992743103,0.0207381056921427,False,
367,ZTF_g,P48,58705.2540741,18.114469408007263,0.0200846995756878,False,
368,ZTF_g,P48,58708.1516782,18.11534834519993,0.0266232111154644,False,
369,ZTF_g,P48,58708.171956,18.231116690205724,0.0246438516191999,False,
370,ZTF_g,P48,58708.1728819,18.14487149048863,0.0262191133908812,False,
371,ZTF_g,P48,58708.3500347,18.22299954653305,0.0569199989475114,False,
372,ZTF_g,P48,58709.1699769,18.20868557860718,0.0249006077246287,False,
373,ZTF_r,P48,58709.2565972,18.011403006069465,0.0214573249327502,False,
374,ZTF_i,P48,58710.2327083,17.839679659450983,0.0285508933318312,False,
375,ZTF_g,P48,58711.1488079,18.16226512116308,0.0238365241440215,False,
376,ZTF_g,P48,58711.2210532,18.20922565518777,0.0253230627163876,False,
377,ZTF_g,P48,58711.2402199,18.255418343156407,0.0284101321604463,False,
378,ZTF_r,P48,58711.2843171,18.090231318758956,0.0286094910395792,False,
379,ZTF_r,P48,58711.3109491,18.05666627233489,0.0313434322388746,False,
380,ZTF_g,P48,58712.1475463,18.2285734781494,0.0200190787244735,False,
381,ZTF_g,P48,58712.1731019,18.23373337718671,0.0227788380619893,False,
382,ZTF_g,P48,58712.1903935,18.197630132886623,0.0281931044875621,False,
383,ZTF_g,P48,58713.2279167,18.54433400063707,0.1861758381896081,False,
384,ZTF_r,P48,58713.2361458,18.03418232339316,0.0394271358280439,False,
385,ZTF_r,P48,58714.1457407,18.022918248765023,0.0147325314001163,False,
386,ZTF_g,P48,58714.149838,18.232336307257945,0.0186390604815834,False,
387,ZTF_g,P48,58716.1855093,18.260945313453693,0.0125182916812277,False,
388,ZTF_g,P48,58716.2646412,18.264582752443605,0.0298333222756018,False,
389,ZTF_g,P48,58718.1508796,18.30352812559121,0.0149413323000289,False,
390,ZTF_g,P48,58718.1743981,18.25544079762708,0.0117980545482542,False,
391,ZTF_g,P48,58718.1753241,18.25985422208601,0.0127819331568199,False,
392,ZTF_g,P48,58718.2672106,18.252785385034347,0.0137956153296426,False,
393,ZTF_i,P48,58719.163125,17.95147359930544,0.018484000004151,False,
394,ZTF_r,P48,58724.1643287,18.13926103760928,0.0121474230104797,False,
395,ZTF_g,P48,58724.1846528,18.38015785619561,0.0126118356043482,False,
396,ZTF_g,P48,58725.165706,18.3728341018001,0.0245877534635388,False,
397,ZTF_g,P48,58725.1723264,18.39402038269823,0.0207114302145827,False,
398,ZTF_i,P48,58725.2294097,17.933433622825483,0.0184054988383907,False,
399,ZTF_r,P48,58725.2375347,18.170797423391747,0.0155550800814426,False,
400,ZTF_g,P48,58727.1492593,18.412544085401755,0.016980699661066,False,
401,ZTF_g,P48,58727.1510764,18.34626493282747,0.0139442747147878,False,
402,ZTF_g,P48,58727.1702778,18.42347261250455,0.015275698579732,False,
403,ZTF_g,P48,58728.1513079,18.450145776848863,0.0155575319305072,False,
404,ZTF_r,P48,58728.205162,18.14719498203869,0.015801074142071,False,
405,ZTF_r,P48,58728.2348495,18.301687870826637,0.0219275750873691,False,
406,ZTF_g,P48,58729.1333218,18.490648482289657,0.0801127956679735,False,
407,ZTF_g,P48,58732.1433449,18.43381311598355,0.0227797889371784,False,
408,ZTF_g,P48,58732.1479745,18.499975461339915,0.024766858871872,False,
409,ZTF_g,P48,58732.1691435,18.500727267291214,0.0250397831993398,False,
410,ZTF_r,P48,58732.2116898,18.23369891511608,0.027799385047139,False,
411,ZTF_i,P48,58733.1451736,18.03949036688572,0.0203932234196351,False,
412,ZTF_g,P48,58733.1693519,18.472734727969115,0.0265853121602376,False,
413,ZTF_g,P48,58733.2087037,18.498650297565973,0.0305357972678734,False,
414,ZTF_r,P48,58733.2480208,18.279739726342736,0.0294751204882425,False,
415,ZTF_r,P48,58734.1445949,18.298567982701755,0.0239571063337021,False,
416,ZTF_g,P48,58734.1862153,18.51734767084536,0.0396116435521996,False,
417,ZTF_g,P48,58734.1871296,18.58397758653059,0.0430173952761404,False,
418,ZTF_g,P48,58734.208588,18.5106223101601,0.0384916726496329,False,
419,ZTF_g,P48,58737.129456,18.59277351911651,0.0457090960723004,False,
420,ZTF_g,P48,58737.1303819,18.559366037549804,0.0393822343282686,False,
421,ZTF_r,P48,58737.1868287,18.332092963469115,0.0364114383690609,False,
422,ZTF_g,P48,58738.1211806,18.575630379334097,0.0577169629586147,False,
423,ZTF_g,P48,58738.1336574,18.518968275388964,0.0408584445994907,False,
424,ZTF_g,P48,58739.1212269,18.557830946648263,0.0523339480677183,False,
425,ZTF_g,P48,58740.1215972,18.543692240731225,0.0484345642989108,False,
426,ZTF_g,P48,58740.1226273,18.480678005548636,0.0415702610601381,False,
427,ZTF_g,P48,58740.145706,18.529010267512607,0.0473261774342252,False,
428,ZTF_r,P48,58740.2630787,18.331559232399645,0.0657311022055886,False,
429,ZTF_r,P48,58740.2639815,18.40027948830427,0.075778379170252,False,
430,ZTF_g,P48,58741.1218519,18.572633616268966,0.0347590458316112,False,
431,ZTF_g,P48,58741.1302083,18.541385417729973,0.0354129259675895,False,
432,ZTF_r,P48,58742.1204514,18.206836651182027,0.041690102937322,False,
433,ZTF_g,P48,58742.1456829,18.598225426495432,0.0474025050055883,False,
434,ZTF_g,P48,58743.1204514,18.58136041824411,0.0261532457587946,False,
435,ZTF_g,P48,58743.1219097,18.55662033616287,0.0237526610277615,False,
436,ZTF_g,P48,58743.1448727,18.598715344787287,0.0216213796925777,False,
437,ZTF_g,P48,58745.1319097,18.629894211611347,0.0190662117061055,False,
438,ZTF_i,P48,58747.1125694,18.109808795373016,0.0570853296071607,False,
439,ZTF_g,P48,58747.130544,18.63791000302833,0.021887206602024,False,
440,ZTF_g,P48,58750.1359606,18.634316806357468,0.0310329546157441,False,
441,ZTF_i,P48,58751.1200347,18.19379952773232,0.032522690375852,False,
442,ZTF_g,P48,58758.1289468,18.73355573967449,0.028273688299719,False,
443,ZTF_r,P48,58761.1200116,18.50417289442585,0.02546362918887,False,
444,ZTF_g,P48,58764.1999769,18.66397245789877,0.0680059591611407,False,
445,ZTF_g,P48,58771.1101736,18.715511967663574,0.0571801963533373,False,
446,ZTF_r,P48,58775.1026042,18.500206241280416,0.024038267988475,False,
447,ZTF_g,P48,58775.1121528,18.74006200240981,0.0282340966312499,False,
448,ZTF_g,P48,58778.1221644,18.803343552496777,0.0409565630784693,False,
449,ZTF_r,P48,58781.0906713,18.65570973350281,0.0748787904126876,False,
450,ZTF_g,P48,58781.1121644,18.852241856242387,0.068621995186642,False,
451,ZTF_g,P48,58785.1150116,18.75639651151612,0.0394739697943624,False,
452,ZTF_g,P48,58789.1253241,18.9009255828707,0.0886946214403388,False,
453,ZTF_r,P48,58792.1100694,18.53913373173405,0.0588123104609261,False,
454,ZTF_r,P48,58795.0777431,18.523650859034568,0.0511375597969453,False,
455,ZTF_g,P48,58795.1097917,18.76840674675324,0.0865095322392207,False,
456,ZTF_g,P48,58798.0992477,18.8752994554812,0.1279221418511942,False,
457,ZTF_g,P48,58851.5497106,18.90973216181896,0.1726604684118002,False,
458,ZTF_g,P48,58854.5586806,18.90972821981949,0.0859230795052303,False,
459,ZTF_r,P48,58873.5350579,18.6376293839781,0.0233288211777442,False,
460,ZTF_g,P48,58876.5362731,18.88700170028159,0.0245006216282492,False,
461,ZTF_r,P48,58876.5745602,18.620952942341876,0.0323394709802817,False,
462,ZTF_g,P48,58879.5046412,18.90943942725044,0.0814948911757108,False,
463,ZTF_r,P48,58879.5409375,18.629456815877184,0.0736004598992192,False,
464,ZTF_g,P48,58885.466794,18.946084393556195,0.122536914602055,False,
465,ZTF_r,P48,58885.5435301,18.60964437943564,0.0246769218564102,False,
466,ZTF_r,P48,58888.5102546,18.881361699473263,0.1360967226448672,False,
467,ZTF_g,P48,58891.4746644,18.90994825394391,0.0805829827143926,False,
468,ZTF_r,P48,58894.5408565,18.56077278751689,0.0295288775705207,False,
469,ZTF_g,P48,58894.5593056,18.79165250020122,0.0357725514965322,False,
470,ZTF_r,P48,58898.5237616,18.558177896028447,0.0186260122276209,False,
471,ZTF_g,P48,58898.5616551,18.88236988723024,0.0354929323882845,False,
472,ZTF_r,P48,58904.5242245,18.64209807350629,0.026379131420776,False,
473,ZTF_g,P48,58904.5525463,18.873311810338617,0.0428437583160842,False,
474,ZTF_r,P48,58908.5138657,18.62320748464183,0.0203154443391142,False,
475,ZTF_r,P48,58911.5037963,18.77063860341662,0.042929847429725,False,
476,ZTF_g,P48,58911.5374306,18.941043306460934,0.0334769250976841,False,
477,ZTF_g,P48,58914.4640509,18.878448814485225,0.0366980097968153,False,
478,ZTF_r,P48,58914.5359838,18.69138398889109,0.0195338217239023,False,
479,ZTF_g,P48,58936.4984375,19.11665642527429,0.0286536130241745,False,
480,ZTF_r,P48,58936.5070023,18.759000484002648,0.0225065311534801,False,
481,ZTF_g,P48,58939.4655787,18.626910204192967,0.1320999985859767,False,
482,ZTF_g,P48,58943.4437153,19.10887047994925,0.0578327151238495,False,
483,ZTF_r,P48,58943.4814583,18.78772327211773,0.0264095792364297,False,
484,ZTF_r,P48,58953.4565162,18.872157209123948,0.0379612024125602,False,
485,ZTF_i,P48,58953.4600694,18.54438808945041,0.0454387416856458,False,
486,ZTF_g,P48,58954.4326157,19.14760674113243,0.0425010064075081,False,
487,ZTF_r,P48,58956.4854514,19.191195569689008,0.095742209484351,False,
488,ZTF_r,P48,58961.457963,18.879707135262912,0.0341765495878157,False,
489,ZTF_i,P48,58962.433287,18.58666406321813,0.0377296703536076,False,
490,ZTF_g,P48,58964.3824537,19.193034801980247,0.0262094727062255,False,
491,ZTF_r,P48,58964.4227315,18.858326559298128,0.0218467077844246,False,
492,ZTF_i,P48,58966.4845023,18.52148120805793,0.0247114093697815,False,
493,ZTF_r,P48,58967.3830903,18.95395041882211,0.0255363533103842,False,
494,ZTF_g,P48,58967.4362847,19.3041824315123,0.0302131092729913,False,
495,ZTF_r,P48,58970.4143056,19.039594323335464,0.0257002199580692,False,
496,ZTF_g,P48,58970.464537,19.286490951659538,0.0237019468891703,False,
497,ZTF_i,P48,58971.4614815,18.663564883222488,0.0310081057778072,False,
498,ZTF_r,P48,58973.3539815,18.929078128634483,0.045631538124811,False,
499,ZTF_g,P48,58973.4641898,19.256242579334444,0.039375099055096,False,
500,ZTF_i,P48,58976.4196528,18.61798387174556,0.0619052492273382,False,
501,ZTF_r,P48,58977.398669,19.05240807599389,0.1274272006793171,False,
502,ZTF_r,P48,58980.3143519,19.003549264010065,0.0384395153912197,False,
503,ZTF_i,P48,58980.3760185,18.639864592556396,0.0419199104186629,False,
504,ZTF_g,P48,58980.3985764,19.314561812457253,0.0701807346670284,False,
505,ZTF_r,P48,58984.4020602,18.993984721079794,0.0227979677972043,False,
506,ZTF_r,P48,58985.3781134,18.985237267754982,0.0262352606616902,False,
507,ZTF_g,P48,58985.4210764,19.43144114132957,0.0349026487493747,False,
508,ZTF_r,P48,58986.2951968,19.020438981020547,0.0241755743596747,False,
509,ZTF_i,P48,58986.333912,18.585980522114475,0.026025074071842,False,
510,ZTF_g,P48,58986.3966898,19.273946925454343,0.0269433195299019,False,
511,ZTF_r,P48,58987.3314699,19.02979985547485,0.0214936600500442,False,
512,ZTF_g,P48,58987.4299537,19.415250496886596,0.0283276539718664,False,
513,ZTF_r,P48,58991.2730556,18.969186511576456,0.0264759709061339,False,
514,ZTF_g,P48,58991.3187037,19.318175732909523,0.0307123190711316,False,
515,ZTF_i,P48,58991.3358681,18.620851708772552,0.0378161304254978,False,
516,ZTF_r,P48,58992.2940394,18.9795778221607,0.0240133729504381,False,
517,ZTF_g,P48,58992.3329745,19.34418395039931,0.0386882087165787,False,
518,ZTF_g,P48,58994.4150231,19.33275103069633,0.0330011963931869,False,
519,ZTF_r,P48,58995.2751042,18.98492853706865,0.0239093919255702,False,
520,ZTF_g,P48,58995.3201389,19.37961211383907,0.0312333610184328,False,
521,ZTF_r,P48,58996.3102894,19.0746024245454,0.026119104951873,False,
522,ZTF_r,P48,58997.2986111,19.06800741935024,0.0264746031601795,False,
523,ZTF_i,P48,58997.3164583,18.620068924940824,0.0302002377733589,False,
524,ZTF_g,P48,58997.3830787,19.41956118487918,0.0284271440713172,False,
525,ZTF_g,P48,58998.3626042,19.358997249079984,0.0273307776185331,False,
526,ZTF_r,P48,58999.3367245,19.10826003695527,0.0345653182208341,False,
527,ZTF_g,P48,58999.4010069,19.402546926749352,0.0404909683452261,False,
528,ZTF_r,P48,59000.3339931,19.44151753685953,0.0848444837781201,False,
529,ZTF_r,P48,59000.3942824,19.04980101366681,0.0616257341856872,False,
530,ZTF_g,P48,59000.4162616,19.143224331888263,0.1953411558710796,False,
531,ZTF_r,P48,59001.2934028,19.284916267297284,0.0172588312221809,False,
532,ZTF_i,P48,59001.3316898,18.632087707081368,0.0326543462506648,False,
533,ZTF_g,P48,59001.3931713,19.360007197762396,0.0440922984657611,False,
534,ZTF_g,P48,59004.221331,19.22639546496789,0.0928087673144974,False,
535,ZTF_r,P48,59004.2874884,19.072429018708146,0.0666218422647886,False,
536,ZTF_g,P48,59005.2248032,19.308851560112767,0.1147808215726647,False,
537,ZTF_i,P48,59009.3165394,18.74956920212382,0.0525705952798685,False,
538,ZTF_r,P48,59009.3622338,19.187712838654768,0.0632579842125333,False,
539,ZTF_g,P48,59012.3125347,19.44415920033236,0.0298514038164551,False,
540,ZTF_g,P48,59015.3097222,19.555859319585306,0.0365743985039333,False,
541,ZTF_r,P48,59015.3175694,19.11424913567693,0.0270304901506195,False,
542,ZTF_i,P48,59015.372581,18.791079423676837,0.031199848066797,False,
543,ZTF_g,P48,59018.3388773,19.55663558384746,0.0327409924308609,False,
544,ZTF_i,P48,59019.2974074,18.868800297022837,0.0365938862168307,False,
545,ZTF_r,P48,59024.242419,19.066507274719303,0.0292005833561046,False,
546,ZTF_g,P48,59024.2905903,19.445869135203186,0.1028322385251077,False,
547,ZTF_i,P48,59024.3198843,18.745249503668408,0.0448310144283446,False,
548,ZTF_g,P48,59027.2363773,19.49234358845587,0.0512169766934357,False,
549,ZTF_r,P48,59027.2882292,19.09130511656738,0.0304178245963374,False,
550,ZTF_i,P48,59028.3146412,18.82453609029005,0.0404315755058068,False,
551,ZTF_g,P48,59030.350544,19.553911155862767,0.0834528924802004,False,
552,ZTF_i,P48,59032.2722222,18.82954293715874,0.0430452575692628,False,
553,ZTF_g,P48,59033.210544,19.442439825784,0.1390771216873812,False,
554,ZTF_r,P48,59033.3322569,19.329224449872992,0.0809132489680167,False,
555,ZTF_g,P48,59034.2285185,19.590797659822,0.1271354363785681,False,
556,ZTF_r,P48,59036.27625,19.213069090308974,0.0636754852804934,False,
557,ZTF_i,P48,59036.3256829,18.8471759655422,0.0557102870462722,False,
558,ZTF_g,P48,59039.191169,19.55647380178357,0.0355517216361929,False,
559,ZTF_r,P48,59039.2341898,19.2766896034191,0.0287767784494955,False,
560,ZTF_r,P48,59039.3095023,19.248245570625976,0.0439613706245134,False,
561,ZTF_i,P48,59041.1712616,18.86433279151129,0.0485747216808027,False,
562,ZTF_r,P48,59042.2493171,19.094512049490508,0.0245589446938041,False,
563,ZTF_g,P48,59042.3012847,19.53690094791672,0.0395390623449781,False,
564,ZTF_r,P48,59045.2293056,19.187446035181352,0.0286117135421641,False,
565,ZTF_g,P48,59045.2615162,19.534887225113,0.0332624051897329,False,
566,ZTF_i,P48,59045.3078241,18.870456593086477,0.038348133090947,False,
567,ZTF_r,P48,59048.2473727,19.240817187418312,0.0300497156967527,False,
568,ZTF_i,P48,59049.2674769,18.824743205855928,0.0279257698252003,False,
569,ZTF_g,P48,59051.3121759,19.56734802333348,0.0423176313829313,False,
570,ZTF_i,P48,59053.2529051,18.853594405918397,0.0323072414479665,False,
571,ZTF_g,P48,59054.289919,19.572007658335377,0.0466026383246107,False,
572,ZTF_r,P48,59054.3521065,19.18684412357609,0.0385810386739743,False,
573,ZTF_g,P48,59057.2694676,19.6620261145933,0.0544936725010065,False,
574,ZTF_r,P48,59057.3327894,19.2682794420447,0.0410409084233427,False,
575,ZTF_i,P48,59059.2527315,19.02341553572787,0.0588816906926625,False,
576,ZTF_r,P48,59063.1873843,19.357003912098666,0.0771761611835337,False,
577,ZTF_i,P48,59063.2108102,18.95532950228184,0.0564663314548587,False,
578,ZTF_g,P48,59063.2328241,19.81351465817136,0.1470186765121652,False,
579,ZTF_g,P48,59066.1937616,19.832923829558556,0.0965895531252187,False,
580,ZTF_r,P48,59066.2382523,19.366091965883708,0.0625079611563962,False,
581,ZTF_i,P48,59067.2321065,19.0265485302404,0.0512397071056449,False,
582,ZTF_g,P48,59069.1770486,19.747824789576043,0.0508103564958473,False,
583,ZTF_r,P48,59069.2167014,19.455873924616725,0.038663406855684,False,
584,ZTF_r,P48,59072.1925926,19.28522647776361,0.0377682198957993,False,
585,ZTF_g,P48,59072.2274074,19.590434030423182,0.0470986057600878,False,
586,ZTF_i,P48,59072.2597917,18.89760718333712,0.0397086086562444,False,
587,ZTF_g,P48,59075.1929977,19.671831778902604,0.0529643445110124,False,
588,ZTF_r,P48,59075.2159375,19.398299541037453,0.052206792389715,False,
589,ZTF_i,P48,59076.2272917,18.890492514794627,0.0394200016010964,False,
590,ZTF_r,P48,59078.1847569,19.41013530273328,0.036501465910641,False,
591,ZTF_g,P48,59078.2080556,19.74795200270081,0.0470615684587672,False,
592,ZTF_i,P48,59080.2476852,19.049313516022963,0.0530359649592629,False,
593,ZTF_r,P48,59081.2037616,19.369204230477028,0.0496327830745542,False,
594,ZTF_g,P48,59081.2346644,19.7116139960124,0.0724929332289294,False,
595,ZTF_i,P48,59084.2153472,19.059899617221767,0.0650891166236411,False,
596,ZTF_i,P48,59088.1908796,18.974350297765053,0.0652975927240735,False,
597,ZTF_i,P48,59093.2382407,19.061269222614246,0.0748400043327283,False,
598,ZTF_r,P48,59095.1549074,19.499941950610864,0.0649132310119883,False,
599,ZTF_g,P48,59095.2046644,19.479853155807035,0.1308161096834873,False,
600,ZTF_r,P48,59096.1945949,19.491290125341635,0.0651563202482264,False,
601,ZTF_i,P48,59096.2272454,19.028864541457818,0.0391384037617599,False,
602,ZTF_i,P48,59096.2435417,19.04608013293416,0.0440237812651049,False,
603,ZTF_g,P48,59097.1953588,19.69154374609976,0.1172019450120196,False,
604,ZTF_g,P48,59097.1962963,20.034297078417804,0.1472389275103395,False,
605,ZTF_i,P48,59097.2121875,19.04920526420469,0.0449777731931545,False,
606,ZTF_i,P48,59097.2271644,18.96130526068964,0.0706732287476335,False,
607,ZTF_i,P48,59097.2479745,19.163797651167013,0.0721918350481936,False,
608,ZTF_r,P48,59098.1561227,19.64096406055988,0.0514278026053038,False,
609,ZTF_r,P48,59098.1570602,19.597471223429444,0.050744252226592,False,
610,ZTF_g,P48,59098.2004167,19.680846468550087,0.0854701842891298,False,
611,ZTF_i,P48,59098.2468866,19.01214569952108,0.0534228199995677,False,
612,ZTF_i,P48,59098.2730324,19.08791672569113,0.0574364441282351,False,
613,ZTF_r,P48,59099.1319792,19.57674371014296,0.0510252072839344,False,
614,ZTF_r,P48,59099.1329167,19.62805931042813,0.0589842174676879,False,
615,ZTF_g,P48,59099.1653356,19.862785843672132,0.0574142249631063,False,
616,ZTF_g,P48,59099.1662731,19.865541001764026,0.0582012642126003,False,
617,ZTF_i,P48,59099.2442708,19.058549604103007,0.0497674545720481,False,
618,ZTF_i,P48,59099.289375,19.26547113628419,0.1053545452669837,False,
619,ZTF_i,P48,59106.143669,18.9317516286483,0.1058624637350825,False,
620,ZTF_i,P48,59106.1599421,19.049946468475397,0.0674544597293066,False,
621,ZTF_g,P48,59106.1845139,20.11397882710819,0.1749378100071843,False,
622,ZTF_r,P48,59106.1992708,19.77368465065099,0.1482404618194398,False,
623,ZTF_r,P48,59107.1462847,19.643250812368382,0.1132703522778636,False,
624,ZTF_g,P48,59107.1760764,20.052264098281128,0.1972774884614304,False,
625,ZTF_i,P48,59107.2061574,19.14506856062913,0.069061854087519,False,
626,ZTF_i,P48,59107.2189005,19.152303065661304,0.0726346691952512,False,
627,ZTF_r,P48,59107.2593866,19.21949178028106,0.1451054052478406,False,
628,ZTF_i,P48,59109.1171528,19.204739693631563,0.0625071430055762,False,
629,ZTF_r,P48,59109.1622454,19.778319867920832,0.084391622032142,False,
630,ZTF_r,P48,59109.1683681,19.77357346465869,0.0912662862646098,False,
631,ZTF_g,P48,59109.2026736,20.00773911057534,0.1142991900372037,False,
632,ZTF_g,P48,59109.2111574,19.92315629468899,0.0984734861600253,False,
633,ZTF_i,P48,59109.2688542,19.13432979715521,0.0714927031411672,False,
634,ZTF_g,P48,59110.1498611,19.934195785953907,0.0748323457376293,False,
635,ZTF_i,P48,59110.182338,19.302951169358938,0.0777124061093397,False,
636,ZTF_i,P48,59110.1832639,19.177618954780712,0.0468551519371852,False,
637,ZTF_i,P48,59110.2021065,19.179297473529918,0.0713625095977365,False,
638,ZTF_g,P48,59111.1148611,19.755684161025805,0.112737002715531,False,
639,ZTF_g,P48,59111.1540278,19.958998546216822,0.0737368069703871,False,
640,ZTF_i,P48,59111.1705671,19.1447270161584,0.0422181038953617,False,
641,ZTF_i,P48,59111.1948727,19.187698010791863,0.0457635819800489,False,
642,ZTF_r,P48,59111.2279745,19.457638268701547,0.0861923412697455,False,
643,ZTF_g,P48,59112.1391551,20.097707636445143,0.0655727460938309,False,
644,ZTF_g,P48,59112.1498148,20.04629190776756,0.0702588113532223,False,
645,ZTF_r,P48,59112.1713542,19.5711840092052,0.0467657045060173,False,
646,ZTF_i,P48,59112.2236227,19.02825840267817,0.039594116202986,False,
647,ZTF_i,P48,59112.2472569,19.061784732744364,0.0480219078769538,False,
648,ZTF_i,P48,59114.1428241,19.15638854902403,0.0418684338916363,False,
649,ZTF_i,P48,59114.1444792,19.282803394508385,0.06848305545272,False,
650,ZTF_i,P48,59114.1588426,19.199526021720207,0.0475950965357509,False,
651,ZTF_r,P48,59114.1814815,19.610011516303352,0.0865121071789884,False,
652,ZTF_g,P48,59114.2003241,20.052837252106823,0.1052141677898525,False,
653,ZTF_g,P48,59114.2359722,19.799569538362128,0.1075808423106073,False,
654,ZTF_i,P48,59115.1233218,19.16755934809217,0.0428819265684823,False,
655,ZTF_r,P48,59115.1530093,19.62653044621373,0.0637355491751998,False,
656,ZTF_i,P48,59115.1807176,19.149249347213495,0.0451618007923381,False,
657,ZTF_g,P48,59115.2092824,19.865377830992244,0.1219801436741579,False,
658,ZTF_i,P48,59116.134294,19.0793457535728,0.0570071263559585,False,
659,ZTF_i,P48,59116.1616204,19.163654495072898,0.0545638283615459,False,
660,ZTF_r,P48,59116.1967361,19.480129013416693,0.0884553944915096,False,
661,ZTF_g,P48,59116.2171065,19.81595096419217,0.1394598364344099,False,
662,ZTF_r,P48,59117.110625,19.429976232477276,0.0792678712822887,False,
663,ZTF_r,P48,59117.1267708,19.70544028688309,0.0758919399126864,False,
664,ZTF_i,P48,59117.1493056,19.25092363386548,0.0442919593501919,False,
665,ZTF_i,P48,59117.1794329,19.284885431342797,0.0553168850446958,False,
666,ZTF_g,P48,59117.2159144,20.062209088253585,0.1481907154633634,False,
667,ZTF_i,P48,59118.1462037,19.25692637772873,0.0620877933620609,False,
668,ZTF_i,P48,59119.1226389,19.239932079292792,0.0435277689091362,False,
669,ZTF_i,P48,59119.1393171,19.175532450369488,0.0427199652894324,False,
670,ZTF_r,P48,59119.1615625,19.690421506721464,0.0770279925932041,False,
671,ZTF_r,P48,59119.1777546,19.677584779020957,0.0891764125793019,False,
672,ZTF_g,P48,59119.198831,20.096031380700595,0.1807963398289789,False,
673,ZTF_g,P48,59119.2089583,20.022180782102375,0.195258744054436,False,
674,ZTF_i,P48,59121.1077546,19.17368558380064,0.0528473173312308,False,
675,ZTF_i,P48,59121.1376389,19.241113487144453,0.0601964868254,False,
676,ZTF_r,P48,59121.1584028,19.66687356800961,0.0909142240415759,False,
677,ZTF_g,P48,59121.1765741,20.12257999672201,0.1828307566091446,False,
678,ZTF_i,P48,59122.135787,19.29615206174078,0.0931390623324519,False,
679,ZTF_g,P48,59124.1413079,19.76012179749268,0.1397713161989854,False,
680,ZTF_g,P48,59124.1422454,19.8671437810038,0.1672952026972932,False,
681,ZTF_i,P48,59124.1753588,19.120805717609,0.0631455745096744,False,
682,ZTF_i,P48,59124.1947801,19.34314468320298,0.085905777008722,False,
683,ZTF_r,P48,59124.2151505,19.730133280164463,0.1954239838685822,False,
684,ZTF_g,P48,59126.1968287,19.82965030275261,0.2086217096991161,False,
685,ZTF_r,P48,59128.1413194,19.657366983016363,0.0641076919796244,False,
686,ZTF_r,P48,59128.1422569,19.614804465606536,0.0611119836770324,False,
687,ZTF_g,P48,59128.1780208,19.675853924857066,0.1135717711293536,False,
688,ZTF_g,P48,59128.1789583,19.88979647515545,0.1373451469593991,False,
689,ZTF_i,P48,59128.202662,19.217687481655197,0.0970789051311607,False,
690,ZTF_i,P48,59128.2039352,19.22322402780172,0.0782309535962719,False,
691,ZTF_i,P48,59129.1590162,19.41331841145348,0.095381433434065,False,
692,ZTF_g,P48,59130.1546759,20.147364711662107,0.0891074448559101,False,
693,ZTF_r,P48,59131.1001042,19.78202110338384,0.1709010168865769,False,
694,ZTF_g,P48,59131.1557986,20.010531361137083,0.1471940294250778,False,
695,ZTF_g,P48,59135.0996065,20.367069438655346,0.1277410952991681,False,
696,ZTF_r,P48,59135.1669444,19.785679594243398,0.0842309875163089,False,
697,ZTF_r,P48,59137.0929861,19.64704581416514,0.0777472902049058,False,
698,ZTF_r,P48,59137.0995602,19.78426560275912,0.0674790475454847,False,
699,ZTF_g,P48,59137.1409259,20.356804814979533,0.1347753349932995,False,
700,ZTF_g,P48,59137.1418634,20.05080822983698,0.0847208190769236,False,
701,ZTF_i,P48,59138.1631713,19.18986727060425,0.0663892639121262,False,
702,ZTF_r,P48,59139.0933449,19.85834837804449,0.0953077958237332,False,
703,ZTF_g,P48,59139.1127546,20.07672767995426,0.0882122751391014,False,
704,ZTF_i,P48,59139.1533218,19.51432488310201,0.0786265073027466,False,
705,ZTF_g,P48,59139.1744329,19.98770305252364,0.1444213133817309,False,
706,ZTF_r,P48,59141.1122454,19.80272854253719,0.1091566379808414,False,
707,ZTF_g,P48,59143.1560764,20.11017692434749,0.114038935904355,False,
708,ZTF_r,P48,59145.1033218,19.82350985118956,0.0700139671238492,False,
709,ZTF_g,P48,59145.1336921,20.279635512476705,0.1248059031998974,False,
710,ZTF_i,P48,59152.1303704,19.534493521051207,0.1295084243613413,False,
711,ZTF_r,P48,59168.0779514,19.855287071477477,0.1952790366966443,False,
712,ZTF_r,P48,59168.0921528,19.98776404573347,0.2102342259368868,False,
713,ZTF_r,P48,59172.0766898,20.02341246729641,0.1697235487460928,False,
714,ZTF_r,P48,59172.0814005,19.95960996412813,0.1370487639959068,False,
715,ZTF_r,P48,59172.0861111,19.872778784176177,0.1444922136687036,False,
716,ZTF_r,P48,59172.0908102,20.167225550930283,0.1822426397944594,False,
717,ZTF_r,P48,59174.0715394,19.672726512119624,0.1545949449876718,False,
718,ZTF_r,P48,59174.0810417,19.703338421486148,0.1939042919882427,False,
719,ZTF_i,P48,59218.548044,19.439739325082183,0.1225364965770257,False,
720,ZTF_r,P48,59226.511331,20.04115468110296,0.1544025374282084,False,
721,ZTF_g,P48,59226.5489815,20.423496934156667,0.1417934062301201,False,
722,ZTF_g,P48,59228.5134144,20.23319579130069,0.1201046097165597,False,
723,ZTF_i,P48,59228.5525463,19.500984565896264,0.1050840264423383,False,
724,ZTF_r,P48,59230.5508912,19.984983294399484,0.1139781412775737,False,
725,ZTF_r,P48,59232.5109144,20.059757703280727,0.0986700221828245,False,
726,ZTF_g,P48,59232.545787,20.258763873376324,0.1149335761978012,False,
727,ZTF_i,P48,59250.5183681,19.48238300776812,0.095054612986638,False,
728,ZTF_i,P48,59255.5201852,19.67125815079746,0.0884796158326908,False,
729,ZTF_i,P48,59267.5079051,19.66315989115161,0.1277721641055987,False,
730,ZTF_g,P48,59269.4868171,20.50399365953373,0.1885298186288866,False,
731,ZTF_r,P48,59269.5229398,20.087605384823885,0.0935290114372391,False,
732,ZTF_i,P48,59270.4662037,19.625464069554745,0.1844648676228391,False,
733,ZTF_r,P48,59272.4919676,19.789684400878954,0.1243737300608496,False,
734,ZTF_i,P48,59273.5242477,19.136054711410768,0.1537594353228879,False,
735,ZTF_i,P48,59292.415463,19.91010553092949,0.0933894982226489,False,
736,ZTF_i,P48,59297.3743171,19.47318621671233,0.1511373392685955,False,
737,ZTF_i,P48,59305.3917477,19.948162263358704,0.1734819037697976,False,
738,ZTF_i,P48,59309.4241782,19.86340026651781,0.1080762621234061,False,
739,ZTF_r,P48,58612.4221,19.8866329193115,0.184791877865791,True,
740,ZTF_r,P48,59036.2763,19.2751979827881,0.11707903444767,True,
741,ZTF_g,P48,59251.5291,19.9255657196045,0.206087753176689,True,
742,ZTF_g,P48,59264.4963,20.3917026519775,0.197171062231064,True,
743,ZTF_r,P48,59264.5371,20.3119220733643,0.191163584589958,True,
744,ZTF_r,P48,59269.5353,20.2510509490967,0.161909610033035,True,
745,ZTF_r,P48,59291.4642,20.2142086029053,0.204983949661255,True,
746,W1,WISE,58709.84,17.17738077921026,0.1005868697529929,True,13.0
747,W1,WISE,58910.79,16.494227117064547,0.0641768810924393,True,14.0
748,W1,WISE,59074.01,16.467968896776775,0.0797989141948972,True,15.0
749,W2,WISE,58709.84,17.080575253854242,0.21854401494731,True,29.0
750,W2,WISE,58910.79,16.366221565200625,0.1026174896093701,True,30.0
751,W2,WISE,59074.01,16.19536388126985,0.1084400187089668,True,31.0
