;sigma;sigma.err;ampl;ampl.err;fval;chi2;chi2dof;filename;humidity;filter;obsmjd;ccdid;amp_id;gain;readnoi;darkcur;magzp;magzpunc;magzprms;clrcoeff;clrcounc;zpclrcov;zpmed;zpavg;zprmsall;clrmed;clravg;clrrms;qid;rcid;seeing;maglim;status;filterid;fieldid;moonalt;moonillf;target_x;target_y;data_hasnan;F0;F0.err;Fratio;Fratio.err;upper_limit;mag;mag_err
0;6.964738340608594;0.19430361838160826;-15.00224477929252;23.943293131806758;4199.724672808131;623.85546875;1.0013731440609952;ztf_20181104254167_000397_zr_c12_o.fits;22.0;ZTF_r;58426.2541782;12;0;6.2;10.0;1.0;26.257510999999997;1.33314e-05;0.023191999999999997;0.107214;1.85267e-05;-1E-02;26.332001;26.341775;0.041338;773;0.7859999999999999;0.31916500000000003;1;44;1.892;21.31;1;2;397;-49.0459;-0.137036;691.1468075003297;1118.3159747277646;FALSE;31842297821.868183;390981.1677294305;-4.711420282298063e-10;7.519335842676509e-10;21.31;99.0;99.0
1;12.045327641781556;0.3504548976076549;-31.374533187587968;46.26928959790902;4884.47905499337;623.74169921875;1.0011905284410112;ztf_20180928394931_001441_zg_c02_o.fits;29.0;ZTF_g;58389.3949306;2;0;6.2;10.0;1.0;26.311598999999998;5.1610299999999996e-05;0.043615;-0.115273;8.802239999999999e-05;-6E-02;26.235001;26.230581;0.055942;635;703;0.303902;1;4;2.501;20.47;1;1;1441;65.4165;-0.8879290000000001;1931.4291474898585;84.92177844313619;FALSE;33468758283.529343;1590932.1694077926;-9.374274636005249e-10;1.3824620928561527e-09;20.47;99.0;99.0
2;15.482730222244113;0.4382706013661361;49.884585485499365;68.91580107903637;5198.194498770072;623.6207885742188;1.0009964503599016;ztf_20200207116771_000397_zr_c12_o.fits;40.0;ZTF_r;58886.1168056;12;0;6.1;8.9;1.0;26.218514000000003;3.8756e-05;0.039202;0.130626;5.2575500000000005e-05;-4E-02;26.315001000000002;26.322631;0.057224000000000004;785;797;0.31913400000000003;1;44;2.6430000000000002;19.9;1;2;397;46.1665;0.935723;729.8301321208518;1069.0590392548022;FALSE;30718895743.87082;1096529.265794057;1.6239055564180746e-09;2.243433542554709e-09;19.9;99.0;99.0
3;14.747942098202666;0.4187543055596826;-98.16131722707676;73.2072201157545;5137.571513440382;623.787109375;1.0012634179373996;ztf_20190208101215_000397_zr_c12_o.fits;61.0;ZTF_r;58522.101238400006;12;0;6.2;10.0;1.0;26.193229000000002;3.8933e-05;0.038465;0.119468;5.3106099999999996e-05;-4E-02;26.283001000000002;26.288217;0.054039;0.7809999999999999;795;0.317713;1;44;2.748;19.78;1;2;397;18.8181;0.0908906;673.9341925252774;1142.5228004655314;FALSE;30011769343.115414;1076180.5774873362;-3.2707607507184376e-09;2.439283714446182e-09;19.78;99.0;99.0
4;12.479675242632613;0.3551674750253845;-78.24957860090744;58.167014421348505;4928.765495119923;623.75341796875;1.0012093386336276;ztf_20180701459954_000397_zg_c12_o.fits;38.0;ZTF_g;58300.4599653;12;0;6.2;10.0;1.0;26.192102;3.79027e-05;0.035115;-0.042033999999999995;6.28953e-05;-4E-02;26.164501;26.162105;0.03739;633;0.7140000000000001;0.305548;1;44;2.603;20.18;1;1;397;37.7605;-0.908093;642.0408476367307;1229.5479666458016;FALSE;29980633128.251057;1046614.2128172896;-2.6100042072551184e-09;1.940152972642865e-09;20.18;99.0;99.0
5;8.51653926785969;0.2309408405404473;-68.82728117547312;31.816535907320123;4451.0514759094185;623.6859130859375;1.001100984086577;ztf_20180804438519_000397_zr_c12_o.fits;14.0;ZTF_r;58334.43851849999;12;0;6.2;10.0;1.0;26.266099;1.67668e-05;0.025381;0.11311900000000001;2.27657e-05;-2E-02;26.349501;26.356219;0.044122;785;797;0.319046;1;44;2.127;20.89;1;2;397;42.6971;-0.537099;604.9633296600331;1197.0163309175653;FALSE;32095164060.179573;495638.99076580885;-2.1444751317182713e-09;9.913186879312016e-10;20.89;99.0;99.0
6;5.851345932846536;0.16759475778498284;-30.57705365236637;20.294214929921374;3981.976628291748;623.8955078125;1.0014374122191012;ztf_20190824433993_001441_zr_c02_o.fits;41.0;ZTF_r;58719.4339931;2;0;6.2;10.0;1.0;26.108629;1.71744e-05;0.027022000000000004;0.10780899999999999;2.3710700000000003e-05;-2E-02;26.186001;26.193157;0.044766;785;784;0.331054;1;4;1.76;21.26;1;2;1441;36.3071;-0.41860699999999995;2010.1339702401535;208.28670807663482;FALSE;27762054343.20999;439145.92147016234;-1.1013973704667454e-09;7.310055187125818e-10;21.26;99.0;99.0
7;14.735362690523406;0.4105628730200664;16.808086268088484;57.84862221024046;5136.481982520947;623.7796020507812;1.0012513676577548;ztf_20180826382188_001441_zr_c02_o.fits;4.0;ZTF_r;58356.3822685;2;0;6.2;10.0;1.0;26.265383;2.62542e-05;0.032868;0.106762;3.58362e-05;-3E-02;26.339001;26.349808000000003;0.04799;0.7959999999999999;0.7909999999999999;0.327534;1;4;2.31;20.14;1;2;1441;39.1034;0.9999180000000001;1890.4449764469439;276.9292160768296;FALSE;32074005548.759575;775581.9072698548;5.240407607505237e-10;1.8035983102804405e-09;20.14;99.0;99.0
8;9.109672085672843;0.1585867098507357;0.07567604947242144;50.600356918577006;4535.474438968015;625.1314086914062;1.003421201751856;ztf_20181128251562_000397_zg_c12_o.fits;24.0;ZTF_g;58450.2518056;12;0;6.2;10.0;1.0;25.112852;0.00013207530000000002;0.043835;-0.086575;0.0002648041;-0.00017384;25.054001;25.056019;0.049293000000000003;603;0.6559999999999999;0.260416;1;44;3.2760000000000002;19.23;1;1;397;5.22492;-0.698526;694.9020028442458;1133.9970326133234;FALSE;11095344724.51235;1349702.6042526045;6.820522602171558e-12;4.560503361990114e-09;19.23;99.0;99.0
9;9.979356025599511;0.2859422638136595;-16.23930479353678;35.921385404755235;4649.260910916058;623.7767944335938;1.0012468610491072;ztf_20180921332292_000397_zr_c12_o.fits;54.0;ZTF_r;58382.3323032;12;0;6.2;10.0;1.0;26.286782000000002;1.93739e-05;0.02802;0.118157;2.63585e-05;-2E-02;26.371;26.380815999999996;0.04695;782;0.7959999999999999;0.318835;1;44;1.9140000000000001;20.88;1;2;397;23.5003;0.8700129999999999;675.201310051245;911.4572044972837;FALSE;32712429523.97186;583721.2902886142;-4.964261300627799e-10;1.0980959203779293e-09;20.88;99.0;99.0
10;3.730442962077975;0.1065794440712399;-4.374094233644952;15.012722525109728;3419.3256283416526;623.9810791015625;1.001574765813102;ztf_20180812435081_000397_zg_c12_o.fits;66.0;ZTF_g;58342.43511569999;12;0;6.2;10.0;1.0;26.104832000000002;2E-02;0.030476999999999997;-0.049921;3.25468e-05;-3E-02;26.069000000000003;26.065486;0.03442;0.7709999999999999;0.7879999999999999;0.320405;1;44;2.04;21.76;1;1;397;-39.7409;0.0156746;655.9440813020311;1168.205985708583;FALSE;27665135393.64613;600321.3183993463;-1.5810854244543307e-10;5.426585596562002e-10;21.76;99.0;99.0
11;4.678782064138789;0.13028858266380822;57.58021888563339;18.781741957516985;3702.4519480125077;623.9483032226562;1.001522156055628;ztf_20190831451632_001441_zg_c02_o.fits;12.0;ZTF_g;58726.4516435;2;0;6.2;10.0;1.0;26.196629;1.84149e-05;0.027736;-0.096136;2.5115999999999998e-05;-2E-02;26.1285;26.120652;0.042108;794;0.79;0.32956199999999997;1;4;2.2119999999999997;21.63;1;1;1441;-40.7876;0.0157186;2009.3563447200897;202.82296018975967;FALSE;30105898978.086094;510618.61680762615;1.9125892546024185e-09;6.23855876105164e-10;21.63;99.0;99.0
12;12.708145931330705;0.3548807132248372;-38.29524576525078;65.5951599602345;4951.446730215957;623.755859375;1.001213257423756;ztf_20190620444271_000397_zr_c12_o.fits;53.0;ZTF_r;58654.444270800006;12;0;6.2;10.0;1.0;26.055128;3.72935e-05;0.038266;0.13509300000000002;5.0563900000000006e-05;-4E-02;26.151999999999997;26.162860000000002;0.057608000000000006;785;797;0.318764;1;44;2.76;19.73;1;2;397;34.9957;-0.907359;738.2434995896461;981.1354620775054;FALSE;26427202954.814987;907736.9706161245;-1.4490843329401026e-09;2.482107549768977e-09;19.73;99.0;99.0
13;5.884491171545184;0.1732283461126964;0.5008995282781772;20.064128124464347;3989.037807564947;623.8897705078125;1.0014282030622994;ztf_20181006289317_000397_zr_c12_o.fits;48.0;ZTF_r;58397.2893171;12;0;6.2;10.0;1.0;26.244845;1.86383e-05;0.026775999999999998;0.114626;2.55835e-05;-2E-02;26.326999999999998;26.33574;0.045026;782;0.7929999999999999;0.31580199999999997;1;44;1.7819999999999998;21.52;1;2;397;-39.3576;-0.107878;693.1484894062578;1133.6532124150115;FALSE;31472989727.587734;540281.3518320287;1.591521913277633e-11;6.375030875086812e-10;21.52;99.0;99.0
14;3.676939085328654;0.10509567492989562;21.85859744693451;15.593072394405361;3401.273585697838;623.9993896484375;1.001604156739065;ztf_20180821419745_000397_zg_c12_o.fits;23.0;ZTF_g;58351.4197454;12;0;6.2;10.0;1.0;26.230489000000002;2.0985799999999998e-05;0.028808999999999998;-0.046376;2.8762199999999997e-05;-2E-02;26.195498999999998;26.193779;0.032429;0.7809999999999999;792;0.321029;1;44;2.3;21.95;1;1;397;-12.435;0.785561;664.1163823809462;1239.6375876226298;FALSE;31059581521.21315;600339.3485741587;7.037634242433522e-10;5.020374273065906e-10;21.95;99.0;99.0
15;3.7637305777871446;0.1076039407834859;-26.12785729525053;16.521641429511053;3430.388505569116;623.931884765625;1.0014958021920144;ztf_20180818381366_000397_zg_c12_o.fits;54.0;ZTF_g;58348.3813773;12;0;6.2;10.0;1.0;26.184701;1.88643e-05;0.027663999999999998;-0.048913;2.5889499999999997e-05;-2E-02;26.150999;26.14599;0.03178;0.78;0.7909999999999999;0.319816;1;44;2.185;21.77;1;1;397;-26.9317;0.5080979999999999;652.8740186989656;1034.3510540694856;FALSE;29776962911.74431;517364.67752878653;-8.774520548885616e-10;5.548464255644922e-10;21.77;99.0;99.0
16;11.28317337072122;0.32173162080683515;10.997630962911165;54.501308045207956;4802.825429215713;623.857666015625;1.0013766709721108;ztf_20190208108796_000397_zr_c12_o.fits;62.0;ZTF_r;58522.10917819999;12;0;6.2;10.0;1.0;26.17817;2.8085300000000004e-05;0.032977;0.11399300000000001;3.8541700000000004e-05;-3E-02;26.261499;26.2685;0.048958999999999996;0.7809999999999999;792;0.317447;1;44;2.739;20.05;1;2;397;16.6679;0.09131210000000001;677.9257361145043;1140.9035548327565;FALSE;29598383980.881905;765636.7080468204;3.7156187209459545e-10;1.841360936500916e-09;20.05;99.0;99.0
17;5.6416738312592845;0.15777177638942172;22.57561228960001;19.35823131549613;3936.6055484935455;624.147705078125;1.001842223239366;ztf_20180918392037_000397_zr_c12_o.fits;7.0;ZTF_r;58379.392037;12;0;6.2;10.0;1.0;26.305892999999998;1.3026600000000002e-05;0.022781;0.113721;1.76681e-05;-1E-02;26.389;26.396561;0.042818;785;797;0.318808;1;44;1.9180000000000001;21.58;1;2;397;-19.7771;0.63648;679.2945139323945;1021.891790540524;FALSE;33293327280.22928;399451.40932760027;6.780821904516039e-10;5.814447788427161e-10;21.58;99.0;99.0
18;11.040883320669947;0.31625090280140383;-15.191952559117992;53.510187243155116;4775.354647342302;623.4606323242188;1.000739377727478;ztf_20180614480544_000397_zr_c12_o.fits;25.0;ZTF_r;58283.48057869999;12;0;6.2;10.0;1.0;26.217260999999997;2.68092e-05;0.032559;0.11170899999999999;3.67658e-05;-3E-02;26.297001;26.305660999999997;0.048426;784;0.7909999999999999;0.3209;1;44;2.823;20.11;1;2;397;-21.4477;0.00635366;645.530765641959;1140.3364265302444;FALSE;30683464877.246677;757641.8129764152;-4.951185473966333e-10;1.7439421349102738e-09;20.11;99.0;99.0
19;4.4042154150305866;0.12698570832671358;34.76215967737276;20.39234970433809;3626.9254245676857;623.9449462890625;1.0015167677192014;ztf_20180909392847_000397_zg_c12_o.fits;13.0;ZTF_g;58370.3928472;12;0;6.2;10.0;1.0;26.289364000000003;1.88117e-05;0.027351;-0.047806;2.55179e-05;-2E-02;26.2565;26.251257;0.031317000000000005;785;797;0.319052;1;44;2.372;21.6;1;1;397;-39.4933;-0.00185152;667.7113832295197;1038.8598681227916;FALSE;32790315850.3686;568132.0950513881;1.0601349445977354e-09;6.219015945527527e-10;21.6;99.0;99.0
20;6.737525574578843;0.1916170000530412;-35.773136446581006;35.78662064370896;4158.292549623544;623.8587036132812;1.0013783364579154;ztf_20180902373218_001441_zg_c02_o.fits;17.0;ZTF_g;58363.3732176;2;0;6.2;10.0;1.0;26.225262;3.75861e-05;0.039103;-0.000549;5.67268e-05;-4E-02;26.225;26.224852000000002;0.039103;0.7240000000000001;747;0.323852;1;4;2.886;20.64;1;1;1441;32.2542;-0.5830029999999999;1889.8638249875048;201.07706968836715;FALSE;30910412445.23194;1070059.0512835926;-1.157316697406254e-09;1.1577529328844843e-09;20.64;99.0;99.0
21;9.027498720877233;0.2676612466977267;46.61414837009694;85.27289196780521;4524.1653441298495;623.9705810546875;1.0015579150155498;ztf_20190126166667_000397_zg_c12_o.fits;11.0;ZTF_g;58509.166666699995;12;0;6.2;10.0;1.0;25.995296;0.0001225802;0.04063;-0.016682;0.0002504502;-0.00016299;25.99;25.98444;0.040855;583;0.6509999999999999;0.256733;1;44;5.803;18.92;1;1;397;-31.2503;-0.686058;645.1180407255331;1067.6495759096492;FALSE;25010271139.660587;2823673.0293402956;1.8638002007174375e-09;3.4095149010592706e-09;18.92;99.0;99.0
22;13.233212119251919;0.3690735633787039;32.31260898859504;50.460787254949544;5002.295190736052;623.985107421875;1.0015812318168138;ztf_20180701418866_000397_zr_c12_o.fits;37.0;ZTF_r;58300.4188773;12;0;6.2;10.0;1.0;26.131498;2.18995e-05;0.029574;0.11460899999999999;2.99316e-05;-2E-02;26.214001;26.22235;0.047233;785;0.7929999999999999;0.321335;1;44;2.147;20.27;1;2;397;38.5287;-0.9103020000000001;630.4611824138326;1215.147279376114;FALSE;28353011889.380737;571885.4922129227;1.1396534912997132e-09;1.7797328712741803e-09;20.27;99.0;99.0
23;5.47072630615008;0.15272188216592156;5.127685081728072;23.87630641349108;3897.9296494899268;623.8665161132812;1.0013908765863262;ztf_20190628443391_000397_zg_c12_o.fits;3.0;ZTF_g;58662.443391199995;12;0;6.2;10.0;1.0;26.143878;2.5703400000000002e-05;0.032369;-0.054045;3.5182800000000005e-05;-3E-02;26.106001000000003;26.101066;0.036725;782;792;0.321008;1;44;2.2319999999999998;21.31;1;1;397;12.2164;-0.217829;742.3437285507341;860.7211302985575;FALSE;28678154491.748447;678918.2058522378;1.788010830056536e-10;8.325607709753284e-10;21.31;99.0;99.0
24;3.902858434093666;0.10883950568982406;10.954453412893486;15.944185415119517;3475.7992382352086;623.9346923828125;1.0015003088006622;ztf_20180906398322_000397_zg_c12_o.fits;30.0;ZTF_g;58367.39832180001;12;0;6.2;10.0;1.0;26.267008;1.7259100000000002e-05;0.026402999999999996;-0.054676999999999996;2.33869e-05;-2E-02;26.226999;26.223443;0.03171;785;797;0.32116100000000003;1;44;2.025;21.89;1;1;397;-3.52705;-0.15598900000000002;670.8815955617591;1024.612951630571;FALSE;32122046022.989742;510619.0638994911;3.4102601699323214e-10;4.963626975896608e-10;21.89;99.0;99.0
25;4.8847508585117945;0.14080211323513192;47.6320268084069;20.65901886145409;3756.347685515083;623.938232421875;1.0015059910463484;ztf_20180906374271_000397_zr_c12_o.fits;32.0;ZTF_r;58367.374270800006;12;0;6.2;10.0;1.0;26.246652;1.48563e-05;0.024386;0.125999;2.01195e-05;-2E-02;26.339001;26.347145;0.0471;785;0.7979999999999999;0.319807;1;44;2.2230000000000003;21.38;1;2;397;-9.58153;-0.158077;663.7051900960182;1019.9770926292354;FALSE;31525414105.14359;431367.2211700629;1.5109088384864517e-09;6.553131642563999e-10;21.38;99.0;99.0
26;4.349198105813429;0.04366106916629075;-11.400700630303087;14.957896192359275;3611.100200971921;624.9379272460938;1.0031106376341794;ztf_20180821393762_000397_zr_c12_o.fits;24.0;ZTF_r;58351.3937616;12;0;6.2;10.0;1.0;26.280814000000003;1.7433800000000002e-05;0.026033999999999998;0.111318;2.3657199999999998e-05;-2E-02;26.361;26.369643;0.043807;785;0.7979999999999999;0.31650100000000003;1;44;2.136;21.74;1;2;397;-5.31121;0.7835529999999999;652.9576970498844;1034.1657806346964;FALSE;32533111377.451935;522388.1773921059;-3.504337626374307e-10;4.5977453616214853e-10;21.74;99.0;99.0
27;5.497710667859208;0.15805120252123894;28.176385876923703;23.52796167997253;3904.1305581013753;623.9688720703125;1.0015551718624598;ztf_20180912329005_000397_zr_c12_o.fits;8.0;ZTF_r;58373.3290162;12;0;6.2;10.0;1.0;26.272297;1.38891e-05;0.023244;0.12356600000000001;1.8774700000000002e-05;-2E-02;26.363001;26.371112;0.045511;785;0.8;0.316653;1;44;2.275;21.25;1;2;397;-49.7868;0.0884933;659.3707433382883;1028.7522447408858;FALSE;32278905468.85636;412922.53494242346;8.72904005500097e-10;7.288958947332937e-10;21.25;99.0;99.0
28;15.487982165735488;0.4450719855016402;60.476865991601315;52.47223314137453;5198.741055364091;623.72412109375;1.0011623131520866;ztf_20181121137164_001441_zr_c02_o.fits;56.0;ZTF_r;58443.1371644;2;0;6.2;10.0;1.0;26.209584;2.46612e-05;0.031984;0.10654200000000001;3.36914e-05;-3E-02;26.288;26.293792;0.047338;0.7959999999999999;0.79;0.327556;1;4;1.82;20.25;1;2;1441;45.001999999999995;0.9460709999999999;1917.853683344281;297.81507451129033;FALSE;30467274118.69736;692027.7109699962;1.984977906326299e-09;1.722249025460187e-09;20.25;99.0;99.0
29;16.066571871674352;0.4509583575892174;20.52353394122495;51.86608549355571;5244.775265010853;623.9353637695312;1.0015013864679474;ztf_20191017265150_001441_zr_c02_o.fits;33.0;ZTF_r;58773.26520830001;2;0;6.2;10.0;1.0;25.840389000000002;3.37698e-05;0.037665;0.091129;4.63859e-05;-3.65e-05;25.908001000000002;25.912096;0.048193;0.7929999999999999;787;0.329909;1;4;1.8880000000000001;20.05;1;2;1441;36.3298;-0.892134;1969.8398423449719;220.1774366148384;FALSE;21684808938.496002;674465.5448367919;9.46447533821269e-10;2.3918165774293995e-09;20.05;99.0;99.0
30;15.201642324394186;0.43931248934034217;-83.53605189268298;63.38740331710103;5175.371784590852;623.7161865234375;1.0011495770841694;ztf_20180628424317_000397_zr_c12_o.fits;5.0;ZTF_r;58297.4243171;12;0;6.2;10.0;1.0;26.198588;2.6041599999999998e-05;0.031581;0.122939;3.56247e-05;-3E-02;26.285999;26.296162;0.050248;782;794;0.317911;1;44;2.205;20.03;1;2;397;26.6833;-0.999625;638.8227016825174;1136.6182193050936;FALSE;30160268257.229294;723400.0656931502;-2.7697383584331923e-09;2.101685661684191e-09;20.03;99.0;99.0
31;6.181276353792577;0.1763346413951515;-49.44259551460288;23.786666946033467;4050.6040096010256;623.92041015625;1.001477383878411;ztf_20180806437720_001441_zr_c02_o.fits;6.0;ZTF_r;58336.43773150001;2;0;6.2;10.0;1.0;26.235485999999998;1.2684200000000001e-05;0.023002;0.107894;1.73623e-05;-1E-02;26.311999999999998;26.320665999999996;0.042168000000000004;0.7959999999999999;789;0.327565;1;4;2.14;21.25;1;2;1441;26.0308;-0.321096;1884.4483942329873;329.9304150152707;FALSE;31202859818.842754;364529.9040224364;-1.5845533326642557e-09;7.623232963628033e-10;21.25;99.0;99.0
32;7.452255702019269;0.2116976999179684;99.72082949508274;25.376779793367515;4284.293025081599;623.8466796875;1.001359036416533;ztf_20191007320208_001441_zr_c02_o.fits;13.0;ZTF_r;58763.32020830001;2;0;6.2;10.0;1.0;26.148851999999998;1.39448e-05;0.024493;0.110358;1.9179e-05;-2E-02;26.228001000000003;26.235587;0.043954;785;0.7859999999999999;0.33071500000000004;1;4;1.723;21.18;1;2;1441;3.47359;0.659037;1973.5423297260584;205.68508586446026;FALSE;28809836924.342285;370023.04259722645;3.4613465448263492e-09;8.808373297054887e-10;21.18;99.0;99.0
33;16.137256167915798;0.26653014265215585;69.5990373567469;74.95454533797638;5250.24652012552;625.1612548828125;1.0034691089611758;ztf_20200207111898_000397_zr_c12_o.fits;40.0;ZTF_r;58886.111921300006;12;0;6.1;8.9;1.0;26.240934000000003;4.6297799999999996e-05;0.042277999999999996;0.127581;6.260409999999999e-05;-5E-02;26.337;26.342919000000002;0.058514;794;799;0.317073;1;44;2.702;19.84;1;2;397;44.7402;0.9354530000000001;731.7382525267366;1071.7925849134854;FALSE;31359822798.55119;1337240.8487439195;2.219369599242836e-09;2.3901456930488464e-09;19.84;99.0;99.0
34;4.942317002282534;0.1380583275768075;26.35421206824003;19.76138320814354;3771.0104491210213;623.9986572265625;1.0016029811020264;ztf_20180915328657_000397_zg_c12_o.fits;14.0;ZTF_g;58376.328669;12;0;6.2;10.0;1.0;26.339676;2.38854e-05;0.031116;-0.10912899999999999;3.23251e-05;-3E-02;26.261;26.252671999999997;0.046886000000000004;784;797;0.32138;1;44;2.323;21.75;1;1;397;-28.6861;0.341458;657.9793643493136;1023.312603553726;FALSE;34345544034.087357;755576.7725868016;7.673255093028642e-10;5.753696373839822e-10;21.75;99.0;99.0
35;7.85367773370446;0.2230834722375896;80.13486251886145;42.28935450779477;4349.881869810106;623.8523559570312;1.0013681476035814;ztf_20191031215926_001441_zr_c02_o.fits;3.0;ZTF_r;58787.215925900004;2;0;6.1;8.8;1.0;26.151159;2.8607399999999997e-05;0.034549;0.109849;3.88506e-05;-3E-02;26.233;26.238221999999997;0.049991;0.7959999999999999;0.7929999999999999;0.328911;1;4;3.0039999999999996;20.29;1;2;1441;-22.7215;0.119371;1957.7905489040656;233.52048561529568;FALSE;28871117883.79319;760707.4482082118;2.775606502020664e-09;1.4647633226645358e-09;20.29;99.0;99.0
36;7.768821594011334;0.2168740681998284;-44.95179222393887;34.90495809749086;4336.714115794697;624.3143310546875;1.00210968066563;ztf_20181110270775_000397_zr_c12_o.fits;18.0;ZTF_r;58432.2707755;12;0;6.2;10.0;1.0;26.258965000000003;2.25194e-05;0.029625;0.124069;3.11268e-05;-2E-02;26.346001;26.356875;0.049272;0.7759999999999999;789;0.317331;1;44;2.474;20.75;1;2;397;-45.8559;0.0714096;682.2727057745041;1136.2318061885633;FALSE;31884969067.334343;661330.4127358315;-1.4098113794311715e-09;1.094715131641841e-09;20.75;99.0;99.0
37;18.353225938571494;0.5262792275695002;61.61382284452817;112.85786796412316;5411.121851574068;623.9693603515625;1.0015559556204856;ztf_20190120152338_000397_zg_c12_o.fits;45.0;ZTF_g;58503.1523495;12;0;6.2;10.0;1.0;26.178511;0.0001076136;0.042470999999999995;-0.014877000000000001;0.0002037655;-0.00013735;26.1705;26.168483;0.042663;611;674;0.271606;1;44;3.486;19.28;1;1;397;44.8596;0.9831059999999999;664.734304271159;1113.7137250849178;FALSE;29607681482.46132;2934588.6947656777;2.081008027630475e-09;3.811776622772822e-09;19.28;99.0;99.0
38;4.618229226127318;0.12889421387273445;9.773531019330523;18.817972252714924;3686.158735647312;623.9322509765625;1.0014963900105338;ztf_20180713478935_000397_zg_c12_o.fits;46.0;ZTF_g;58312.47894680001;12;0;6.2;10.0;1.0;26.152353;2.25914e-05;0.029547000000000004;-0.046925;3.18073e-05;-2E-02;26.1185;26.115701;0.03307;769;0.7809999999999999;0.31650100000000003;1;44;2.0540000000000003;21.44;1;1;397;-20.0743;0.00194336;653.1178589590587;1137.5337597409325;FALSE;28902885339.181442;601395.2938016315;3.381507038012323e-10;6.510759058474927e-10;21.44;99.0;99.0
39;20.52392880040472;0.5726422170243397;198.51941132403255;92.21587628544096;5550.6183617580355;623.660888671875;1.0010608164877608;ztf_20191015315590_001441_zr_c02_o.fits;23.0;ZTF_r;58771.31561340001;2;0;6.2;10.0;1.0;26.135407999999998;5.1033500000000005e-05;0.043557;0.103475;6.95729e-05;-6E-02;26.209498999999997;26.217344;0.055116;794;792;0.326376;1;4;2.562;19.46;1;2;1441;61.4947;-0.9803930000000001;1968.194462081757;231.66914146483052;FALSE;28455302052.72091;1337501.3663019876;6.976535021706088e-09;3.240727390160366e-09;19.46;99.0;99.0
40;5.173664357060022;0.14443761220571566;9.447678591879123;19.89199867943232;3828.1419724471;623.9410400390625;1.001510497654996;ztf_20180812463102_000397_zr_c12_o.fits;38.0;ZTF_r;58342.46310190001;12;0;6.2;10.0;1.0;26.16175;1.80723e-05;0.026373;0.12389100000000002;2.46351e-05;-2E-02;26.250999;26.260245;0.047481;0.7809999999999999;795;0.318688;1;44;2.1590000000000003;21.35;1;2;397;-35.1642;0.0165506;665.8648064965132;1175.1695588284247;FALSE;29154124227.107594;485276.32859671523;3.2405976314989574e-10;6.823047924574009e-10;21.35;99.0;99.0
41;10.28428231643162;0.2866193167117652;-21.928803686212483;46.67658970306563;4686.977497986214;623.8719482421875;1.001399595894362;ztf_20180831399792_000397_zg_c12_o.fits;6.0;ZTF_g;58361.399791699994;12;0;6.2;10.0;1.0;26.307659;3.87808e-05;0.038779;-0.044616;5.7167100000000004e-05;-4E-02;26.278999;26.273740000000004;0.041276;0.7340000000000001;0.76;0.316868;1;44;2.153;20.68;1;1;397;53.706;-0.777011;668.4898510502992;1031.0709701741305;FALSE;33347524477.366936;1191121.445139585;-6.57584154442877e-10;1.3997017901978597e-09;20.68;99.0;99.0
42;7.758535536995346;0.22436429159777235;96.29961131605913;26.30175616562688;4334.7005639246445;623.8966674804688;1.0014392736444122;ztf_20191103204468_001441_zr_c02_o.fits;3.0;ZTF_r;58790.2044676;2;0;6.1;8.8;1.0;26.147517;1.86978e-05;0.027924;0.108678;2.54787e-05;-2E-02;26.223499;26.233511;0.045305;0.7959999999999999;0.7909999999999999;0.328268;1;4;1.6740000000000002;21.13;1;2;1441;9.54828;0.38268800000000003;1978.4939859603535;232.7470287746673;FALSE;28774434681.803238;495533.46608099475;3.3467073247822438e-09;9.1406682733349e-10;21.13;99.0;99.0
43;19.870797082237356;0.5663447847166394;-52.908725670516866;67.13463289617488;5510.2905486947375;623.7744140625;1.001243040228732;ztf_20181121338356_000397_zr_c12_o.fits;26.0;ZTF_r;58443.3383681;12;0;6.2;10.0;1.0;26.137664;5.03908e-05;0.044106;0.13375;6.91849e-05;-5E-02;26.237499;26.24365;0.061171;0.7759999999999999;792;0.316896;1;44;1.761;19.89;1;2;397;51.2691;0.9554379999999999;671.9818931077039;1109.6380256266218;FALSE;28514489451.478035;1323404.2751403244;-1.8555031735900279e-09;2.354404172493568e-09;19.89;99.0;99.0
44;5.400964209916092;0.15549889234787267;28.038749032909898;31.12459308998425;3881.8818468980357;623.9249267578125;1.0014846336401484;ztf_20181230127870_000397_zg_c12_o.fits;22.0;ZTF_g;58482.1278819;12;0;6.2;10.0;1.0;26.284713;3.45196e-05;0.035903;-0.060177999999999995;5.15477e-05;-4E-02;26.243000000000002;26.239171000000002;0.040497000000000005;0.7290000000000001;757;0.311327;1;44;3.222;20.78;1;1;397;-57.9358;-0.421328;690.1208720346971;1173.5917799718845;FALSE;32650151440.907303;1038069.9867428867;8.587632153454642e-10;9.532756121845934e-10;20.78;99.0;99.0
45;5.99034514205644;0.17078510372828287;-45.682306453519296;22.91024826917337;4011.274077154516;623.8112182617188;1.0013021159899178;ztf_20180903356400_000397_zr_c12_o.fits;55.0;ZTF_r;58364.356446800004;12;0;6.2;10.0;1.0;26.228996000000002;1.45996e-05;0.024181;0.10678800000000001;1.9785199999999998e-05;-2E-02;26.306998999999998;26.314134999999997;0.041844;785;797;0.319786;1;44;2.335;21.17;1;2;397;17.9175;-0.474574;657.7992707662379;1026.7023418304586;FALSE;31016900724.081284;417075.8438622533;-1.4728198300629019e-09;7.386375731480206e-10;21.17;99.0;99.0
46;6.537762408577748;0.1822964964544464;3.08454064175821;23.912661019866896;4120.656810494783;623.879638671875;1.0014119400832664;ztf_20180805446389_000397_zr_c12_o.fits;13.0;ZTF_r;58335.4463889;12;0;6.2;10.0;1.0;26.251314;1.63129e-05;0.025248;0.12725899999999998;2.24515e-05;-2E-02;26.343000000000004;26.351907;0.047807;773;0.79;0.319006;1;44;1.946;21.27;1;2;397;37.5466;-0.42831099999999994;661.8096525233633;1161.727582658591;FALSE;31661070878.44955;475699.23602954485;9.742376224733876e-11;7.552701268922718e-10;21.27;99.0;99.0
47;8.450359410838319;0.2429687637984292;91.96174361804327;27.07392012632686;4441.528970234415;623.921875;1.001479735152488;ztf_20191019350232_001441_zr_c02_o.fits;20.0;ZTF_r;58775.3502546;2;0;6.2;10.0;1.0;26.108921;1.4329700000000001e-05;0.024465;0.109205;1.95909e-05;-2E-02;26.186999999999998;26.195124;0.043482;789;789;0.32915500000000003;1;4;1.632;21.07;1;2;1441;42.5835;-0.7273109999999999;1981.27927848004;199.7330818915175;FALSE;27769521728.033348;366506.0755663449;3.3116070387776193e-09;9.749508982792942e-10;21.07;99.0;99.0
48;8.673451153328509;0.2419793491337374;10.762730567666633;41.960632405779975;4474.025517229817;623.8826904296875;1.001416838570927;ztf_20180725438750_000397_zg_c12_o.fits;16.0;ZTF_g;58324.4388079;12;0;6.2;10.0;1.0;26.033267000000002;4.79126e-05;0.040530000000000004;-0.036728;7.45439e-05;-6E-02;26.0075;26.006104;0.042095;0.6940000000000001;0.74;0.309537;1;44;2.523;20.44;1;1;397;5.16591;0.948672;643.5307273693738;1224.7236112283015;FALSE;25900419604.161095;1142963.1239042804;4.1554271058749647e-10;1.6200753906599512e-09;20.44;99.0;99.0
49;8.695197587225143;0.2420158915329102;138.8688852297187;40.67800178956004;4477.171046386275;623.900634765625;1.0014456416783708;ztf_20191020297998_001441_zr_c02_o.fits;24.0;ZTF_r;58776.2979977;2;0;6.2;10.0;1.0;26.129547;1.7697699999999998e-05;0.027324;0.104978;2.42143e-05;-2E-02;26.201999999999998;26.212386;0.044032;795;789;0.328914;1;4;2.5380000000000003;20.52;1;2;1441;16.7788;-0.633328;1977.074737458483;230.47722186413532;FALSE;28302109050.03281;461329.58737094677;4.9066620789364e-09;1.4372781116993564e-09;20.52;99.0;99.0
50;3.8660889979573994;0.1077954575170464;-10.394644872403818;16.394238862726176;3463.991794221744;624.0386352539062;1.0016671512903792;ztf_20180719441215_000397_zg_c12_o.fits;83.0;ZTF_g;58318.4412269;12;0;6.2;10.0;1.0;26.232308000000003;2.05615e-05;0.028856;-0.041929;2.8247600000000004e-05;-2E-02;26.203499;26.199146;0.031822;0.7809999999999999;0.7909999999999999;0.319927;1;44;2.093;21.73;1;1;397;-40.823;0.461862;642.231658042356;1069.9030453275577;FALSE;31111661143.989212;589187.7030614829;-3.3410767828486933e-10;5.269483615173467e-10;21.73;99.0;99.0
51;8.93725478085221;0.2494510379597056;-49.81288914487952;33.097192759660146;4511.408101790716;623.7779541015625;1.0012487224744182;ztf_20180929349907_001441_zg_c02_o.fits;62.0;ZTF_g;58390.3499074;2;0;6.2;10.0;1.0;26.2912;3.2837e-05;0.036489;-0.059591;5.05454e-05;-4E-02;26.251499;26.247010999999997;0.041058;0.72;742;0.31588099999999997;1;4;2.084;20.87;1;1;1441;49.7585;-0.815512;1908.4257197185445;96.81448947509966;FALSE;32845811789.945293;993388.5570175906;-1.5165674535140629e-09;1.00765336553745e-09;20.87;99.0;99.0
52;4.702079312457959;0.131011448857536;-6.831186158026817;16.934802873286824;3708.714986801157;624.0048828125;1.001612974016854;ztf_20181006339896_000397_zg_c12_o.fits;69.0;ZTF_g;58397.3398958;12;0;6.2;10.0;1.0;26.263509999999997;2.0324600000000002e-05;0.028332;-0.087135;2.82294e-05;-2E-02;26.198999;26.195007;0.039706;773;0.7859999999999999;0.31925;1;44;1.995;21.89;1;1;397;-30.1348;-0.10423199999999999;705.7243882326187;1131.8820722551268;FALSE;32018722484.001957;599379.2268752044;-2.1334974127840345e-10;5.289031404120214e-10;21.89;99.0;99.0
53;9.986621111418922;0.2856362815075015;-12.092923000222113;38.27954337890701;4650.2888937768685;623.876953125;1.0014076294141252;ztf_20180831335718_000397_zr_c12_o.fits;5.0;ZTF_r;58361.3357176;12;0;6.2;10.0;1.0;26.29283;1.64608e-05;0.025617;0.116791;2.23852e-05;-2E-02;26.375999;26.385792;0.045217;784;0.7959999999999999;0.31904;1;44;2.161;20.75;1;2;397;36.825;-0.782475;655.5116169548387;1020.6159377427409;FALSE;32895159763.7148;498722.1053010595;-3.676201327820053e-10;1.1636831574708e-09;20.75;99.0;99.0
54;9.882789495440221;0.28302892408453195;-11.554723673820375;60.075125514138854;4637.147190151256;623.7900390625;1.0012681204855538;ztf_20181230185856_000397_zr_c12_o.fits;30.0;ZTF_r;58482.18585650001;12;0;6.2;10.0;1.0;26.083514;4.8533100000000005e-05;0.042884;0.12675999999999998;6.65524e-05;-5.28e-05;26.179001;26.184086999999998;0.058668;782;0.7929999999999999;0.315842;1;44;3.574;19.81;1;2;397;-48.9264;-0.415066;678.2930476068949;1136.7967044523689;FALSE;27127239394.465637;1212604.8818173415;-4.259454309301267e-10;2.2145683400654265e-09;19.81;99.0;99.0
55;7.7130321895261105;0.21842074282208135;154.19152313805114;44.1557896595325;4327.339924035523;623.8887939453125;1.001426635546248;ztf_20191021308044_001441_zr_c02_o.fits;19.0;ZTF_r;58777.308044000005;2;0;6.2;10.0;1.0;26.129693;2.39507e-05;0.031813;0.113373;3.28015e-05;-3E-02;26.2115;26.219018;0.049177;789;0.7879999999999999;0.330771;1;4;3.217;20.2;1;2;1441;8.36875;-0.5246609999999999;1980.156914599992;215.36104853353072;FALSE;28305915117.970818;624411.7845982768;5.4473251437173376e-09;1.5599492051929782e-09;20.2;99.0;99.0
56;10.337830181229249;0.18996406341347805;87.53363105288851;38.77015419410239;4693.441048666782;625.0068359375;1.0032212454855538;ztf_20180824420197_000397_zr_c12_o.fits;24.0;ZTF_r;58354.420196800005;12;0;6.2;10.0;1.0;26.265441;1.9116400000000002e-05;0.027516000000000002;0.125476;2.5990100000000004e-05;-2E-02;26.355;26.365352;0.048531;785;0.7959999999999999;0.318596;1;44;1.724;20.9;1;2;397;14.8237;0.9616049999999999;666.3358087177995;1072.513982663664;FALSE;32075718987.072575;564752.5354292401;2.7289686347535045e-09;1.2087072542430182e-09;20.9;99.0;99.0
57;16.032794903869945;0.4612704331865301;82.36133565663671;65.52169471809292;5241.877865678405;623.658935546875;1.0010576814556582;ztf_20181116229375_000397_zg_c12_o.fits;16.0;ZTF_g;58438.2293981;12;0;6.2;10.0;1.0;23.936465;0.0010585855;0.06614099999999999;0.040401;0.0029354834;-0.00166419;23.9695;23.959369;0.066623;0.5329999999999999;0.5670000000000001;0.198034;1;44;2.073;18.1;1;1;397;23.7807;0.558952;692.247164422133;1138.7780977918649;FALSE;3754793003.921891;3660897.934538916;2.1934986980802958e-08;1.7450161395726212e-08;18.1;99.0;99.0
58;15.709151461178394;0.44523058359866174;34.26804575253976;75.13832272850489;5216.476319783069;623.75390625;1.0012101223916532;ztf_20180927341562_001441_zg_c02_o.fits;32.0;ZTF_g;58388.3415625;2;0;6.2;10.0;1.0;26.334259999999997;0.0001023162;0.049997;-0.111319;0.000207005;-0.00013349;26.265999;26.262473999999997;0.058918;562;645;0.280021;1;4;3.525;19.84;1;1;1441;58.2255;-0.947984;1901.5825276389944;94.97680252946951;FALSE;34174644064.284225;3220505.7745026224;1.0027330698186598e-09;2.198657070328539e-09;19.84;99.0;99.0
59;5.399468229720831;0.15041817773567914;15.250413156887312;19.397703326198357;3881.541047608729;623.9602661132812;1.0015413581272572;ztf_20180806455903_000397_zr_c12_o.fits;5.0;ZTF_r;58336.4559028;12;0;6.2;10.0;1.0;26.275068;1.5790899999999998e-05;0.024692;0.124106;2.15494e-05;-2E-02;26.363001;26.373681;0.0466;782;795;0.318444;1;44;1.857;21.49;1;2;397;31.3633;-0.319103;659.3869132813438;1157.7114938467716;FALSE;32361392433.681168;470662.6798862762;4.712533055597123e-10;5.994087976040751e-10;21.49;99.0;99.0
60;9.278368636003623;0.25832307069481625;82.35209090562907;38.49502105749906;4558.47561354889;624.0440673828125;1.001675870598415;ztf_20191018230683_001441_zr_c02_o.fits;54.0;ZTF_r;58774.2307292;2;0;6.2;10.0;1.0;26.115832;1.77305e-05;0.027045999999999997;0.110874;2.41758e-05;-2E-02;26.195;26.20359;0.04523;795;792;0.326977;1;4;2.242;20.6;1;2;1441;17.5793;-0.8239629999999999;1984.199305471389;234.53650320178963;FALSE;27946845885.964935;456383.00427817716;2.946740080854232e-09;1.3774370545451367e-09;20.6;99.0;99.0
61;12.818371509042873;0.3575948122684646;11.660957035482776;55.091483805101824;4962.252563115073;623.7852783203125;1.0012604788448034;ztf_20200215119769_000397_zr_c12_o.fits;31.0;ZTF_r;58894.119838;12;0;6.1;8.9;1.0;26.120247;4.5262799999999996e-05;0.042469;0.140709;6.11414e-05;-5E-02;26.225;26.232657;0.061842999999999995;0.7929999999999999;799;0.319488;1;44;2.526;20.08;1;2;397;-58.4001;-0.5929989999999999;730.0431641721933;1066.1861352787469;FALSE;28060719338.214565;1169811.5266817329;4.1556158610667795e-10;1.9632954930068433e-09;20.08;99.0;99.0
62;7.251713517026075;0.19839980811723076;-12.39968365569604;28.873576659002318;4250.18301751469;623.8450927734375;1.0013564892029494;ztf_20180902455532_001441_zr_c02_o.fits;22.0;ZTF_r;58363.455544000004;2;0;6.2;10.0;1.0;26.202523;1.61289e-05;0.026208999999999996;0.10468699999999999;2.2219200000000002e-05;-2E-02;26.278000000000002;26.284808;0.043261;785;0.7859999999999999;0.328777;1;4;2.307;20.92;1;2;1441;55.9228;-0.574082;1898.3608432163599;194.8680798780724;FALSE;30269775502.572548;449665.56329601555;-4.096391020356997e-10;9.538748200209145e-10;20.92;99.0;99.0
63;6.447249715958726;0.18005290364868454;8.583895285078391;28.19719695490984;4103.256932414035;623.926513671875;1.001487180853732;ztf_20180620464792_000397_zr_c12_o.fits;25.0;ZTF_r;58289.4647917;12;0;6.2;10.0;1.0;26.217876;1.57448e-05;0.025211;0.12278499999999999;2.13402e-05;-1.7e-05;26.305999999999997;26.315699;0.04679;785;797;0.32103000000000004;1;44;2.465;20.95;1;2;397;-36.321999999999996;0.50393;643.7321735588768;1024.8612616254877;FALSE;30700850017.617744;445208.2754899664;2.795979681394002e-10;9.184500409273223e-10;20.95;99.0;99.0
64;12.856121020706846;0.36506968974185067;25.014027833942922;50.56453693752061;4965.9486446942765;623.7772216796875;1.0012475468373796;ztf_20200213114583_000397_zr_c12_o.fits;54.0;ZTF_r;58892.11460650001;12;0;6.1;8.9;1.0;26.146388;3.21975e-05;0.035879;0.139712;4E-02;-3E-02;26.247999;26.257606;0.057213;785;0.7959999999999999;0.318974;1;44;2.294;20.27;1;2;397;-34.617;-0.803555;730.3392378002861;1068.9333163169001;FALSE;28744529211.165382;852418.8244074187;8.702187345001496e-10;1.759101238760963e-09;20.27;99.0;99.0
65;8.14286844797998;0.2350437767697615;-36.87708056910661;28.378010681344648;4395.05670239258;623.7907104492188;1.001269198152839;ztf_20180823361991_001441_zr_c02_o.fits;38.0;ZTF_r;58353.362013900005;2;0;6.2;10.0;1.0;26.201184;2.02142e-05;0.029294;0.105137;2.80638e-05;-2E-02;26.275499;26.283475;0.045258;785;0.7829999999999999;0.32812800000000003;1;4;2.016;21.0;1;2;1441;19.3523;0.9140389999999999;1882.8453996771325;157.6669990646869;FALSE;30232467870.546684;562867.0660060984;-1.2197839993417571e-09;9.386600793280523e-10;21.0;99.0;99.0
66;6.895897097657653;0.19661325170014046;-24.28692599175035;25.451593838276963;4187.329255353705;623.896240234375;1.0014385878561396;ztf_20180901381076_001441_zr_c02_o.fits;21.0;ZTF_r;58362.38107640001;2;0;6.2;10.0;1.0;26.22208;1.67184e-05;0.026818;0.11631500000000002;2.3090700000000002e-05;-2E-02;26.299999;26.313335;0.04677;785;785;0.329428;1;4;1.9480000000000002;21.07;1;2;1441;42.7762;-0.68576;1887.9271284561007;195.63821328723859;FALSE;30819954980.659065;474572.3068739663;-7.88026004807324e-10;8.258154126765119e-10;21.07;99.0;99.0
67;16.302287594107256;0.4547886481042314;-101.17158784760026;69.1501470222979;5262.782839463382;623.746826171875;1.0011987579002808;ztf_20180927369664_000397_zg_c12_o.fits;33.0;ZTF_g;58388.369699099996;12;0;6.2;10.0;1.0;26.276484999999997;5.56051e-05;0.042245;-0.037361;9.36818e-05;-7E-02;26.2505;26.250014;0.043732;633;708;0.302634;1;44;2.349;20.08;1;1;397;62.1817;-0.9466760000000001;669.4342918215121;921.8422335042529;FALSE;32403655028.787514;1659526.9369714195;-3.122227654803728e-09;2.134023064835946e-09;20.08;99.0;99.0
68;17.686152912714416;0.4939739386225926;-16.391750876529947;72.73161794690877;5364.602004453028;623.6763916015625;1.0010857008050762;ztf_20200207102118_000397_zr_c12_o.fits;39.0;ZTF_r;58886.1021528;12;0;6.1;8.9;1.0;26.324924;4.38679e-05;0.0409;0.130798;5.92382e-05;-5E-02;26.423000000000002;26.429536;0.058294000000000006;789;0.8;0.31757399999999997;1;44;2.481;19.95;1;2;397;41.8895;0.934882;733.6190298875764;1077.1989281861056;FALSE;33882043835.7233;1368964.3066772728;-4.837887276223702e-10;2.1466124742227053e-09;19.95;99.0;99.0
69;10.881575840637636;0.3108353597948821;3.2839926094254666;38.764337801144116;4757.462974172809;623.7491455078125;1.0012024807509028;ztf_20180824334861_000397_zr_c12_o.fits;36.0;ZTF_r;58354.3348727;12;0;6.2;10.0;1.0;26.275056;1.98329e-05;0.02791;0.112173;2.6716799999999998e-05;-2E-02;26.358999;26.364872;0.045308;789;0.8009999999999999;0.318178;1;44;1.939;20.73;1;2;397;31.6624;0.958425;651.258705559608;1054.2917413507769;FALSE;32361034764.33071;591131.7717552506;1.0147983936055037e-10;1.1978707752546198e-09;20.73;99.0;99.0
70;4.783760540375422;0.13886406677971486;-12.631405807598956;26.854883249640608;3730.117130150816;623.9036254882812;1.001450442196278;ztf_20180617443773_000397_zg_c12_o.fits;44.0;ZTF_g;58286.4437847;12;0;6.2;10.0;1.0;26.129358;3.62877e-05;0.037192;-0.065384;5.42811e-05;-4E-02;26.086;26.079939000000003;0.042414999999999994;0.7290000000000001;0.7559999999999999;0.311869;1;44;3.295;20.93;1;1;397;-39.7909;0.182951;634.8911295864748;1116.0938822293685;FALSE;28297182776.928215;945754.2955225373;-4.463838646827354e-10;9.49030278549664e-10;20.93;99.0;99.0
71;5.009688640471849;0.13976884159341396;-0.7241293787333778;18.518576818163712;3787.8868409450097;623.918212890625;1.0014738569672954;ztf_20180713441285_000397_zr_c12_o.fits;48.0;ZTF_r;58312.44129630001;12;0;6.2;10.0;1.0;26.110038;1.8235399999999998e-05;0.026574;0.127762;2.49521e-05;-1.98e-05;26.2015;26.211425;0.048539;0.7809999999999999;794;0.317925;1;44;2.06;21.36;1;2;397;-27.4225;0.00155141;648.5256056734236;1129.8389262662186;FALSE;27798105574.62072;466880.97179955733;-2.6049594523250452e-11;6.661812535554548e-10;21.36;99.0;99.0
72;7.2403174513206;0.20613100949251573;-68.75553820142477;48.651002091516226;4248.244493874678;623.860595703125;1.0013813735202648;ztf_20181114192535_001441_zg_c02_o.fits;8.0;ZTF_g;58436.19254630001;2;0;6.2;10.0;1.0;26.277496000000003;5.27475e-05;0.04437;-0.011909000000000001;8.549049999999999e-05;-6E-02;26.274;26.268931;0.044529;643;0.7190000000000001;0.315735;1;4;3.9130000000000003;20.33;1;1;1441;13.6186;0.36828;1918.6005604667846;312.1537517617867;FALSE;32433842244.024296;1575708.8013361306;-2.1198702788317497e-09;1.5000073639178391e-09;20.33;99.0;99.0
73;11.391596955233554;0.3237129786231916;10.634483181939043;33.76097618010813;4814.739365847525;623.740234375;1.0011881771669342;ztf_20180928331169_001441_zr_c02_o.fits;33.0;ZTF_r;58389.331169000005;2;0;6.2;10.0;1.0;26.222782000000002;2.4525e-05;0.032195999999999995;0.10729200000000001;3.40059e-05;-3E-02;26.299;26.306972;0.047442000000000005;785;785;0.32476700000000003;1;4;1.568;20.96;1;2;1441;51.7193;-0.8922049999999999;1945.4865372999714;90.40723513183278;FALSE;30839888555.89833;696622.497728994;3.4482884601426773e-10;1.0947178398446487e-09;20.96;99.0;99.0
74;5.491878474755441;0.025596046594173662;-15.533611156367073;19.766051845825753;3902.8347141379577;625.07470703125;1.0033301878511236;ztf_20181107260544_000397_zr_c12_o.fits;39.0;ZTF_r;58429.260544000004;12;0;6.2;10.0;1.0;26.26306;1.4312599999999999e-05;0.023697;0.11941600000000001;1.97872e-05;-2E-02;26.349001;26.357345000000002;0.04457;0.7759999999999999;0.79;0.31611100000000003;1;44;1.909;21.48;1;2;397;-63.1089;-0.0020602;697.2966489410934;1123.9582837221976;FALSE;32005454583.778324;421908.4408056861;-4.853426191996705e-10;6.175838495012245e-10;21.48;99.0;99.0
75;5.854796189408235;0.16372178244809646;-0.8447241266293293;21.40969189780768;3982.639159616353;623.7944946289062;1.0012752722775382;ztf_20180725481759_000397_zr_c12_o.fits;15.0;ZTF_r;58324.481759300004;12;0;6.2;10.0;1.0;26.15111;1.32746e-05;0.022811;0.12365899999999999;1.82045e-05;-1E-02;26.238001;26.249036;0.045623000000000004;0.7809999999999999;792;0.319511;1;44;1.973;21.33;1;2;397;-6.1195;0.9504610000000001;650.8860099302427;1237.0661728422604;FALSE;28869814940.36377;352972.70527395426;-2.925976936029107e-11;7.415943587458411e-10;21.33;99.0;99.0
76;13.070646150098614;0.3723773676900501;70.09802963977123;80.17097534977881;4986.556570326162;623.6948852539062;1.001115385640299;ztf_20181125316620_000397_zr_c12_o.fits;44.0;ZTF_r;58447.3166204;12;0;6.2;10.0;1.0;26.198989;6E-02;0.046665;0.12826700000000002;8.4361e-05;-7E-02;26.289501;26.300981;0.06163300000000001;0.7759999999999999;795;0.313888;1;44;3.515;19.56;1;2;397;60.9921;-0.9446760000000001;675.5600531923199;1128.761476075753;FALSE;30171409546.622658;1713185.385545521;2.3233263110048466e-09;2.657183626926662e-09;19.56;99.0;99.0
77;5.038676565718153;0.13651703968818313;18.847041111663554;19.13747591774447;3794.991949121719;623.8328857421875;1.0013368952523074;ztf_20180722481655_000397_zr_c12_o.fits;70.0;ZTF_r;58321.4816551;12;0;6.2;10.0;1.0;26.256071000000002;1.57897e-05;0.024862000000000002;0.12578699999999998;2.16203e-05;-2E-02;26.341998999999998;26.355884000000003;0.047021;0.7809999999999999;794;0.317285;1;44;2.013;21.46;1;2;397;-31.6483;0.759047;648.458824842465;1099.0162589204483;FALSE;31800093725.70171;462464.0291999553;5.9267250198168e-10;6.018056451273857e-10;21.46;99.0;99.0
78;14.015493411818174;0.3982884622149431;66.85221175874598;66.51413564139453;5073.70460102433;623.587890625;1.0009436446629214;ztf_20181220184468_000397_zg_c12_o.fits;5.0;ZTF_g;58472.184548599995;12;0;6.2;10.0;1.0;26.277475;5.24001e-05;0.041225;-0.053449;8.746639999999999e-05;-6E-02;26.242001000000002;26.23945;0.04433;632;711;0.304908;1;44;2.44;20.1;1;1;397;66.4222;0.9133389999999999;672.9707659137201;1120.5277354353723;FALSE;32433214923.96493;1565300.7589590831;2.0612267983754154e-09;2.05080303866209e-09;20.1;99.0;99.0
79;5.824481253404894;0.0958780821718162;-9.12115584808449;23.11431385298317;3976.4498939154096;625.1903686523438;1.003515840533457;ztf_20190628461169_000397_zr_c12_o.fits;2.0;ZTF_r;58662.4611806;12;0;6.2;10.0;1.0;26.184163;1.79118e-05;0.026768;0.130769;2.4048299999999998e-05;-2E-02;26.2775;26.288947999999998;0.049735;794;0.8009999999999999;0.320538;1;44;2.3280000000000003;21.24;1;2;397;17.4557;-0.21626900000000002;771.4695159086963;865.6120623599588;FALSE;29762211595.96002;490998.43896545266;-3.064676769290429e-10;7.766329386829086e-10;21.24;99.0;99.0
80;20.290994344805693;0.5782397410932901;-17.40311539508223;88.06328766147215;5536.38472025914;623.669677734375;1.0010749241322232;ztf_20180731396354_000397_zr_c12_o.fits;46.0;ZTF_r;58330.39697919999;12;0;6.2;10.0;1.0;26.22845;4.93766e-05;0.041075;0.09669900000000001;6.62917e-05;-5E-02;26.3015;26.306182;0.051084;784;804;0.314079;1;44;2.845;19.45;1;2;397;45.4681;-0.8884790000000001;598.4034226254167;1175.5087957751716;FALSE;31001306724.173687;1409862.8330606683;-5.61367156227383e-10;2.84063147558745e-09;19.45;99.0;99.0
81;7.156879712700424;0.1996351617158784;16.630100308936107;32.44336563386913;4233.436509341278;623.5306396484375;1.0008517490344102;ztf_20181204185000_000397_zr_c12_o.fits;40.0;ZTF_r;58456.18501159999;12;0;6.2;10.0;1.0;26.290689;2.4419099999999998e-05;0.030762;0.11068299999999999;3.3609400000000004e-05;-3E-02;26.370001000000002;26.378237;0.046719;0.78;0.7909999999999999;0.317678;1;44;2.505;20.87;1;2;397;-63.1958;-0.102623;693.4268731995631;1149.2231731672134;FALSE;32830356598.67511;738381.7149187726;5.065464415213579e-10;9.882124045321633e-10;20.87;99.0;99.0
82;4.945284757183553;0.13791858515773106;9.937377368484682;22.07499541771772;3771.700818889345;623.9409790039062;1.0015103996852428;ztf_20181101243530_000397_zg_c12_o.fits;11.0;ZTF_g;58423.2435301;12;0;6.2;10.0;1.0;26.289192;2.2443200000000002e-05;0.029592;-0.05499;3.0798e-05;-2E-02;26.25;26.245642999999998;0.034391000000000005;0.7809999999999999;792;0.318668;1;44;2.4290000000000003;21.46;1;1;397;-19.7008;-0.438144;693.3913474560504;1133.53947778256;FALSE;32785121690.321175;677699.6473873061;3.031063133561098e-10;6.733235772978822e-10;21.46;99.0;99.0
83;5.47141882041701;0.1573739819672989;-20.89925761163013;24.146779214305425;3898.070554427168;623.9429321289062;1.0015135347173456;ztf_20180909398877_000397_zr_c12_o.fits;13.0;ZTF_r;58370.3988773;12;0;6.2;10.0;1.0;26.273591999999997;1.86936e-05;0.027121;0.123696;2.5435799999999998e-05;-2E-02;26.363001;26.37207;0.047777999999999994;784;0.7959999999999999;0.317985;1;44;2.36;21.22;1;2;397;-38.4438;-0.00178393;673.3382092860235;1044.0256770619446;FALSE;32317428750.354233;556423.45114779;-6.466868937214274e-10;7.471751358536477e-10;21.22;99.0;99.0
84;5.4863870647973405;0.15322308939994364;-3.4296430596576517;19.201960938076805;3901.467821686125;623.868408203125;1.0013939136486758;ztf_20180915356262_000397_zr_c12_o.fits;12.0;ZTF_r;58376.35626159999;12;0;6.2;10.0;1.0;26.284346000000003;1.7800899999999998e-05;0.026938;0.11714100000000001;2.42308e-05;-2E-02;26.371;26.377398;0.046343;785;794;0.321911;1;44;1.923;21.53;1;2;397;-36.675;0.344123;666.8104402643885;1026.335735189215;FALSE;32639116918.36185;535125.9853045967;-1.0507769153914304e-10;5.883112887578356e-10;21.53;99.0;99.0
85;4.258170167145568;0.12356523488322832;32.29441501752616;16.654814777123512;3584.735906990792;623.989501953125;1.001588285639045;ztf_20181107232535_000397_zg_c12_o.fits;45.0;ZTF_g;58429.23254630001;12;0;6.2;10.0;1.0;26.284297;1.79886e-05;0.026722000000000003;-0.057511;2.49365e-05;-2E-02;26.241501;26.238993;0.032366000000000006;772;0.7879999999999999;0.317535;1;44;1.972;21.84;1;1;397;-57.538000000000004;-0.00234033;694.2144897380891;1119.783892218235;FALSE;32637643926.45686;540744.1687608197;9.89483649319047e-10;5.102946408523511e-10;21.84;99.0;99.0
86;4.809150525947237;0.1341611441902991;48.945579251166684;18.035555077618078;3736.893501312199;623.987548828125;1.0015851506069422;ztf_20180815381470_000397_zr_c12_o.fits;41.0;ZTF_r;58345.38148150001;12;0;6.2;10.0;1.0;26.165751;1.4974000000000001e-05;0.024386;0.129046;2.03811e-05;-2E-02;26.257998999999998;26.268425;0.047830000000000004;785;0.7959999999999999;0.318852;1;44;2.032;21.46;1;2;397;-46.6507;0.208079;654.7299239129464;1079.6472037144506;FALSE;29261757036.727524;403565.38535579975;1.6726808027875175e-09;6.163524311822298e-10;21.46;99.0;99.0
87;12.109537666362808;0.33119981563511963;-9.617745569586708;48.13868776863939;4891.075994495417;623.7239990234375;1.0011621172125802;ztf_20181220106956_000397_zr_c12_o.fits;10.0;ZTF_r;58472.1069676;12;0;6.2;10.0;1.0;26.295070000000003;2.45008e-05;0.030837;0.11561099999999999;3.37339e-05;-3E-02;26.375;26.386514000000002;0.047921;0.7809999999999999;0.7909999999999999;0.317288;1;44;2.1180000000000003;20.52;1;2;397;47.0648;0.9084;690.1700956809026;1137.8588914063946;FALSE;32963096358.59891;743847.5641904885;-2.917731230390854e-10;1.4603812471206443e-09;20.52;99.0;99.0
88;4.306564582097082;0.04674914955677025;-18.951424918660425;19.90925723189658;3598.722033150916;624.8734130859375;1.0030070836050362;ztf_20180912393669_000397_zg_c12_o.fits;10.0;ZTF_g;58373.3936806;12;0;6.2;10.0;1.0;26.298932;1.9165599999999998e-05;0.027332;-0.071891;2.59914e-05;-2E-02;26.246;26.241559999999996;0.035587;785;0.7979999999999999;0.31701399999999996;1;44;2.445;21.61;1;1;397;-60.9425;0.0926622;675.9249632652741;1032.0100322075714;FALSE;33080555975.062775;583943.5958911418;-5.728871344528382e-10;6.018416755061618e-10;21.61;99.0;99.0
89;4.422949761169238;0.12871856645573704;-16.186785359787162;19.013176619223565;3632.178811360296;623.973388671875;1.0015624216241974;ztf_20180807396863_000397_zg_c12_o.fits;12.0;ZTF_g;58337.39692130001;12;0;6.2;10.0;1.0;26.231102000000003;1.99447e-05;0.028045999999999998;-0.054315999999999996;2.74418e-05;-2E-02;26.195;26.188194;0.033011;773;0.79;0.32053000000000004;1;44;2.228;21.56;1;1;397;4.50628;-0.222615;651.870512739478;1174.7774398363838;FALSE;31077122521.688026;570878.8956672859;-5.208585623875173e-10;6.118062123763165e-10;21.56;99.0;99.0
90;9.448382468865036;0.2719732803904302;-28.196514346848797;37.4370048552256;4580.877969635213;623.749267578125;1.0012026766904094;ztf_20180921394525_000397_zg_c12_o.fits;61.0;ZTF_g;58382.3945255;12;0;6.2;10.0;1.0;26.264477000000003;2.6628699999999998e-05;0.033076;-0.036416000000000004;3.77166e-05;-2.9299999999999997e-05;26.238001;26.236187;0.03507;0.76;777;0.32014699999999996;1;44;2.0140000000000002;20.91;1;1;397;8.7118;0.873969;686.0391536515515;911.0717309163193;FALSE;32047252339.268757;785988.9581160218;-8.79841867513194e-10;1.1681814236454767e-09;20.91;99.0;99.0
91;6.2480614669806895;0.174069501036709;114.89692177929314;24.94617767112524;4064.027385977415;623.9124755859375;1.0014646478104936;ztf_20191003330822_001441_zr_c02_o.fits;26.0;ZTF_r;58759.3308218;2;0;6.2;10.0;1.0;26.205633;2.09618e-05;0.029236;0.11610699999999999;2.8458600000000002e-05;-2E-02;26.287001;26.297739;0.047967;0.7959999999999999;0.7929999999999999;0.327519;1;4;2.8689999999999998;21.04;1;2;1441;-38.9925;0.26274000000000003;1987.8173078628654;301.14375750473164;FALSE;30356605026.033188;586080.7445179174;3.78490683265668e-09;8.217710033239188e-10;21.04;99.0;99.0
92;17.535652561933354;0.5016406078183723;67.75324526128647;63.51661588562909;5353.8658137659995;623.6360473632812;1.0010209427982042;ztf_20180827475903_000397_zr_c12_o.fits;2.0;ZTF_r;58357.475914400005;12;0;6.2;10.0;1.0;26.270111;2.5714899999999997e-05;0.031938;0.132909;3.48136e-05;-3E-02;26.3675;26.376181;0.053078;785;0.7979999999999999;0.31896399999999997;1;44;1.8769999999999998;20.17;1;2;397;30.8602;-0.990556;676.4642308326113;1048.6849619743627;FALSE;32213981133.704426;762965.5341921978;2.1032248383109184e-09;1.971709601563162e-09;20.17;99.0;99.0
93;16.211204334850677;0.4526997437332535;-36.53437791974573;81.59925656511625;5255.834976810911;623.8038330078125;1.0012902616497792;ztf_20200207107014_000397_zr_c12_o.fits;39.0;ZTF_r;58886.107037;12;0;6.1;8.9;1.0;26.249531;4.00846e-05;0.038853;0.12796400000000002;5.3842e-05;-4E-02;26.343000000000004;26.352134000000003;0.05633;789;802;0.318723;1;44;2.891;19.71;1;2;397;43.3144;0.935183;733.2667242715936;1074.4128238764965;FALSE;31609119620.026127;1166985.9683855332;-1.1558176361419182e-09;2.581509942610566e-09;19.71;99.0;99.0
94;32.85621104967106;0.9162683888153209;-302.7324712685419;124.330097960021;6138.92883980518;623.7548828125;1.0012116899077046;ztf_20190209103021_000397_zr_c12_o.fits;21.0;ZTF_r;58523.103044;12;0;6.2;10.0;1.0;26.216855;8.25598e-05;0.04648;0.134261;0.0001136369;-9E-02;26.313999;26.323254;0.062738;0.7709999999999999;792;0.313853;1;44;1.9969999999999999;18.68;1;2;397;28.9785;0.153223;682.1551436955979;1135.7700580918086;FALSE;30671993252.923363;2332310.203404168;-9.86999666999758e-09;4.053538322921157e-09;18.68;99.0;99.0
95;8.739457422678978;0.2525353309505608;20.764998428065365;33.188531239264805;4483.486309931262;623.86669921875;1.0013911704955858;ztf_20180625479606_000397_zr_c12_o.fits;3.0;ZTF_r;58294.47964119999;12;0;6.2;10.0;1.0;26.266440000000003;1.98734e-05;0.028055;0.11689300000000001;2.7366999999999997e-05;-2E-02;26.349001;26.358845000000002;0.046592;0.7759999999999999;0.7909999999999999;0.318225;1;44;2.211;20.79;1;2;397;-7.34935;0.9312239999999999;648.1301477515698;1114.9085050552512;FALSE;32105245855.1429;587656.919039311;6.467789881365772e-10;1.033741694151356e-09;20.79;99.0;99.0
96;19.884083894684128;0.5430694942431726;-198.02218618961555;79.01859282407831;5510.9066876699035;623.541748046875;1.0008695795294944;ztf_20180923326192_001441_zg_c02_o.fits;41.0;ZTF_g;58384.3261921;2;0;6.2;10.0;1.0;26.201021;6.24862e-05;0.039547000000000006;-0.043595999999999996;0.0001241232;-8E-02;26.175499;26.17275;0.041491;556;648;0.28791300000000003;1;4;2.26;19.78;1;1;1441;41.4371;0.9691620000000001;1924.1915474769241;98.69518401262305;FALSE;30227929454.722332;1739675.288726737;-6.550967590626017e-09;2.614092168114911e-09;19.78;99.0;99.0
97;6.507363005930817;0.18623793410672534;19.32217762087939;25.485232812511786;4114.828898077303;623.8842163085938;1.0014192878147572;ztf_20180805441829_001441_zr_c02_o.fits;12.0;ZTF_r;58335.44182869999;2;0;6.2;10.0;1.0;26.228162;1.3829000000000001e-05;0.024013;0.094765;1.88419e-05;-1E-02;26.296;26.303151;0.039298;0.7959999999999999;0.7909999999999999;0.328266;1;4;2.431;21.05;1;2;1441;36.2173;-0.428795;1887.6329157431367;332.5099038929243;FALSE;30993084476.22674;394758.2878266641;6.234351290753418e-10;8.222877214189037e-10;21.05;99.0;99.0
98;8.314085641743038;0.1421801621515382;109.36515831892756;27.522088693813675;4420.873980664286;624.76318359375;1.0028301502307384;ztf_20190922360069_001441_zr_c02_o.fits;31.0;ZTF_r;58748.3600694;2;0;6.2;10.0;1.0;26.005746;1.47803e-05;0.025056000000000002;0.104273;2.03926e-05;-2E-02;26.079;26.087587;0.042551;785;785;0.32982;1;4;1.6159999999999999;21.0;1;2;1441;20.4149;-0.47506800000000005;1988.1724477595005;195.84898494242316;FALSE;25252152301.938343;343761.57397411746;4.330924232170607e-09;1.0898908102961782e-09;21.0;99.0;99.0
99;8.793661332959207;0.24571338515647245;-3.6464159382604695;32.02827757526845;4491.180312699144;623.8629760742188;1.00138519434064;ztf_20190822477384_001441_zr_c02_o.fits;3.0;ZTF_r;58717.4774537;2;0;6.2;10.0;1.0;26.141157;1.69215e-05;0.026663;0.110714;2.33403e-05;-2E-02;26.219;26.228147999999997;0.045058;785;0.7859999999999999;0.32806599999999997;1;4;1.973;20.83;1;2;1441;62.1923;-0.617571;1998.4072660451388;197.55581909673677;FALSE;28606373189.091858;445838.2632888742;-1.2746865581865916e-10;1.119620350458542e-09;20.83;99.0;99.0
100;19.586460208139716;0.5617307068140585;-24.873583531021747;77.34673209467995;5492.355472651289;623.8802490234375;1.0014129197807986;ztf_20181121300417_001441_zg_c02_o.fits;31.0;ZTF_g;58443.300416699996;2;0;6.2;10.0;1.0;26.221587;8.973799999999999e-05;0.049388999999999995;-0.065514;0.000172023;-0.00011320000000000001;26.1805;26.178475;0.0531;563;0.6579999999999999;0.297699;1;4;2.378;19.82;1;1;1441;59.328;0.953735;1917.328097599624;294.3085973747163;FALSE;30805963747.209583;2546166.8890031492;-8.074275401714971e-10;2.510771380395714e-09;19.82;99.0;99.0
101;8.36704523280322;0.11929669270881993;-31.008522173009638;31.368664678025056;4428.838891947669;624.7899169921875;1.0028730609826444;ztf_20181102263970_001441_zr_c02_o.fits;30.0;ZTF_r;58424.2639699;2;0;6.2;10.0;1.0;25.817035;2.66115e-05;0.033366;0.116751;3.63456e-05;-3E-02;25.897999;25.909285;0.050828;0.7959999999999999;0.79;0.328414;1;4;1.9269999999999998;20.47;1;2;1441;-26.3516;-0.32455300000000004;1910.768252939839;281.0159525163899;FALSE;21223353118.05179;520186.449550011;-1.4610566954490782e-09;1.4780258573067428e-09;20.47;99.0;99.0
102;4.605756775248105;0.12835436933920205;-0.33680243954657785;17.66990956354805;3682.8146617784932;623.97802734375;1.0015698673254414;ztf_20180722441366_000397_zg_c12_o.fits;65.0;ZTF_g;58321.4413657;12;0;6.2;10.0;1.0;26.263868;1.82511e-05;0.027112999999999998;-0.055874;2.49544e-05;-2E-02;26.225;26.219602000000002;0.032541;0.7809999999999999;792;0.322061;1;44;1.936;21.86;1;1;397;-19.9561;0.755646;643.2716166457994;1090.5587756249631;FALSE;32029281764.061237;538408.521187965;-1.0515454015721647e-11;5.516798563799095e-10;21.86;99.0;99.0
103;4.887495460722708;0.1363512628637403;38.46737597690705;22.21005024131186;3756.9652491624593;623.8973388671875;1.0014403513116974;ztf_20180918358530_000397_zg_c12_o.fits;4.0;ZTF_g;58379.3585301;12;0;6.2;10.0;1.0;26.314262;1.67268e-05;0.026019;-0.06733099999999999;2.27144e-05;-2E-02;26.266001;26.260682;0.03383;785;0.7959999999999999;0.32113200000000003;1;44;2.296;21.57;1;1;397;-10.4427;0.633483;672.3828078610002;1024.0163498547302;FALSE;33550948316.6251;516884.30379600707;1.1465361757851051e-09;6.619798057455457e-10;21.57;99.0;99.0
104;14.770519734069751;0.4122390790228135;-14.462128215688354;66.46007809626002;5139.328190118975;623.6459350585938;1.0010368138982244;ztf_20181223093507_000397_zg_c12_o.fits;40.0;ZTF_g;58475.09375;12;0;6.2;10.0;1.0;26.139243;8.16201e-05;0.047488;-0.11196300000000001;0.0001395336;-1E-01;26.07;26.060265;0.057880999999999995;634;705;0.295568;1;44;2.924;19.88;1;1;397;12.3311;-0.9984209999999999;707.7922079200885;1142.944869828113;FALSE;28555988605.95714;2146693.3085613595;-5.064481715289441e-10;2.327360436447576e-09;19.88;99.0;99.0
105;7.513686792796968;0.21413887715391736;-11.409231537119515;30.750657431612616;4294.5573967104965;623.8433227539062;1.0013536480801064;ztf_20180804463113_000397_zg_c12_o.fits;14.0;ZTF_g;58334.4631829;12;0;6.2;10.0;1.0;26.251887;2.7327600000000002e-05;0.032037;-0.037399;3.90834e-05;-3E-02;26.224001;26.222943;0.034155;763;774;0.31659299999999996;1;44;2.02;21.02;1;1;397;49.3454;-0.5344810000000001;611.6795696286367;1204.0292148448787;FALSE;31677784497.802544;797318.7408215762;-3.601650720842224e-10;9.707325786968031e-10;21.02;99.0;99.0
106;3.980859859086725;0.1137146166074694;-15.776181022556695;21.392818704363094;3500.5349679695587;623.9666748046875;1.0015516449513444;ztf_20180815436111_000397_zg_c12_o.fits;43.0;ZTF_g;58345.436145800006;12;0;6.2;10.0;1.0;26.155885;2.16625e-05;0.029438;-0.036047;2.9799e-05;-2E-02;26.131999999999998;26.127398;0.031617;0.7759999999999999;0.79;0.319999;1;44;2.888;21.33;1;1;397;-56.7851;0.213106;661.4941473394813;1083.2166366986003;FALSE;28997062190.534206;578546.4802128254;-5.440613576263139e-10;7.377581413631004e-10;21.33;99.0;99.0
107;7.040326159750341;0.20061474752652392;-11.332148431138869;24.822195770924743;4213.236171252811;623.847412109375;1.0013602120535714;ztf_20180805445926_000397_zr_c12_o.fits;12.0;ZTF_r;58335.4459375;12;0;6.2;10.0;1.0;26.265388;1.56618e-05;0.024627;0.12313199999999999;2.14832e-05;-2E-02;26.353001000000003;26.362924;0.046327;0.7759999999999999;792;0.31867199999999996;1;44;1.8659999999999999;21.31;1;2;397;37.4151;-0.42831099999999994;661.947978075311;1161.7471809575031;FALSE;32074153255.3538;462671.29276268976;-3.533109148952299e-10;7.739002671043137e-10;21.31;99.0;99.0
108;7.042104103492269;0.1998890137667497;60.79081764185981;25.663465602628783;4213.460407846513;623.773193359375;1.0012410808336678;ztf_20190104098287_000397_zr_c12_o.fits;13.0;ZTF_r;58487.098298599994;12;0;6.2;10.0;1.0;26.270102;1.70544e-05;0.025442;0.11341099999999998;2.33268e-05;-2E-02;26.3515;26.360159000000003;0.044051;0.7809999999999999;794;0.31708200000000003;1;44;1.992;21.2;1;2;397;-37.1622;-0.036869599999999995;700.2542532416493;1168.6250666599396;FALSE;32213714103.253338;506002.80564919626;1.8871098640476358e-09;7.966627361916503e-10;21.2;99.0;99.0
109;6.131487806869138;0.1745985307090833;-91.65837315500269;25.902180256322442;4040.478687802053;623.9284057617188;1.0014902179160814;ztf_20180806437269_001441_zr_c02_o.fits;6.0;ZTF_r;58336.43726849999;2;0;6.2;10.0;1.0;26.236690000000003;1.3225999999999998e-05;0.023196;0.104219;1.7988199999999998e-05;-1E-02;26.310501000000002;26.319358;0.041111;0.7959999999999999;0.7929999999999999;0.325678;1;4;2.427;21.07;1;2;1441;25.8952;-0.321096;1884.365216938142;329.71439754760416;FALSE;31237480641.967995;380522.37473531225;-2.9342434559801976e-09;8.292019634127448e-10;21.07;99.0;99.0
110;6.3888398327796505;0.18221535250026044;-36.38078307730608;29.202886739751055;4091.86005039024;623.885009765625;1.001420561421549;ztf_20180903417095_000397_zg_c12_o.fits;61.0;ZTF_g;58364.417106500005;12;0;6.2;10.0;1.0;26.240054999999998;2.9633200000000003e-05;0.034519;-0.051925;4.13399e-05;-3E-02;26.201999999999998;26.199324;0.038278;0.7709999999999999;784;0.318581;1;44;2.411;21.13;1;1;397;35.597;-0.46775;671.9164977267029;1027.4301251416564;FALSE;31334444507.898647;855216.8168678818;-1.1610476473624855e-09;9.319739735379916e-10;21.13;99.0;99.0
111;17.301670349508136;0.4959398807802423;90.37295874917231;72.6585673262241;5337.358094680931;623.9329223632812;1.0014974676778192;ztf_20181116256493_000397_zr_c12_o.fits;16.0;ZTF_r;58438.256539400005;12;0;6.2;10.0;1.0;25.173351;0.0001866658;0.06403099999999999;0.09660099999999999;0.0002696352;-0.00020848;25.247999;25.248043;0.070578;726;773;0.307318;1;44;2.222;18.82;1;2;397;17.2818;0.561557;684.1205602650265;1130.6509046412675;FALSE;11731144923.941278;2016883.606300356;7.70367763207293e-09;6.193646865551325e-09;18.82;99.0;99.0
112;13.065816306788307;0.3790873389429316;-21.66053375966444;52.609331168664276;4986.1415273752755;623.749267578125;1.0012026766904094;ztf_20200213119456_000397_zr_c12_o.fits;55.0;ZTF_r;58892.119479199995;12;0;6.1;8.9;1.0;26.132969;3.1545300000000004e-05;0.035407999999999995;0.1269;4.2994399999999996e-05;-3E-02;26.225;26.233832;0.053811000000000005;784;795;0.31931;1;44;2.209;20.22;1;2;397;-33.3412;-0.8031189999999999;725.6719739187007;1066.8198230391836;FALSE;28391451748.380123;824893.6149621105;-7.629244869769748e-10;1.852998981477939e-09;20.22;99.0;99.0
113;15.007513127529574;0.4254599132976471;8.598487518230762;54.768748747541856;5159.338210175596;623.7156982421875;1.0011487933261436;ztf_20180927291319_000397_zr_c12_o.fits;34.0;ZTF_r;58388.2913194;12;0;6.2;10.0;1.0;26.277608;2.14266e-05;0.028887;0.12316500000000001;2.91599e-05;-2E-02;26.367001000000002;26.375734;0.048501;784;797;0.31632;1;44;2.09;20.33;1;2;397;46.9825;-0.950291;679.5390917184567;930.4458938234757;FALSE;32437188155.934643;640135.8384256691;2.650811616868708e-10;1.688455500042606e-09;20.33;99.0;99.0
114;7.046893869436397;0.1962210058965351;96.47653855654156;47.15806356149636;4214.464754323191;623.9200439453125;1.0014767960598916;ztf_20181113269421_000397_zr_c12_o.fits;7.0;ZTF_r;58435.269513900006;12;0;6.2;10.0;1.0;26.259453000000004;3.30164e-05;0.036019999999999996;0.122023;4.54843e-05;-4E-02;26.346999999999998;26.355871999999998;53;0.78;0.79;0.31861300000000004;1;44;3.841;20.12;1;2;397;-16.1969;0.28629099999999996;682.3473929172245;1134.1516149333302;FALSE;31899303453.684307;970033.1976889772;3.024408940358812e-09;1.4783414854567031e-09;20.12;99.0;99.0
115;6.891506456057682;0.1922805324111736;47.175284951844816;27.03890330159112;4186.5358824368595;623.9237060546875;1.0014826742450842;ztf_20180805443194_001441_zr_c02_o.fits;12.0;ZTF_r;58335.443205999996;2;0;6.2;10.0;1.0;26.225383;1.22353e-05;0.022496000000000002;0.09776699999999999;1.67015e-05;-1E-02;26.296;26.302707;0.039108;0.7959999999999999;0.7909999999999999;0.32721100000000003;1;4;2.405;21.05;1;2;1441;36.6191;-0.428674;1887.4500576920586;333.33147512495566;FALSE;30913857451.770756;348372.2090338801;1.5260238883304613e-09;8.746531664319549e-10;21.05;99.0;99.0
116;15.665062047700529;0.4434492900195386;-35.41307789672758;56.83907249970884;5212.933929954482;623.7280883789062;1.0011686811860454;ztf_20180827398542_000397_zr_c12_o.fits;4.0;ZTF_r;58357.39855319999;12;0;6.2;10.0;1.0;26.297046;2.6408400000000003e-05;0.032152999999999994;0.127585;3.57876e-05;-3E-02;26.389;26.398895;0.051694000000000004;785;0.7979999999999999;0.31726;1;44;1.787;20.35;1;2;397;44.4027;-0.991964;661.791510269892;1051.6307865251188;FALSE;33023142607.234085;803223.0622936229;-1.072371527989282e-09;1.7211890819193022e-09;20.35;99.0;99.0
117;26.13971758569767;0.7478094221701533;1171.0101361562192;89.99683749904173;5852.837218513805;623.5497436523438;1.000882413567165;ztf_20190923363021_001441_zr_c02_o.fits;57.0;ZTF_r;58749.363287;2;0;6.2;10.0;1.0;28.771734000000002;2.7991599999999998e-05;0.033732;0.107546;3.75381e-05;-3E-02;28.8515;28.857438000000002;0.049167;812;797;0.33260700000000004;1;4;1.808;22.12;1;2;1441;10.4139;-0.366175;1996.80100014496;242.53854500312056;FALSE;322621718343.1967;8317580.321628127;3.6296692676793963e-09;2.7895469351830526e-10;;21.10033236424552;0.08344319768662298
118;26.221802362377343;0.7464093730544139;-216.27992543122002;106.73499929903936;5856.767396531577;623.5446166992188;1.0008741841078952;ztf_20180728418762_000397_zr_c12_o.fits;20.0;ZTF_r;58327.41877309999;12;0;6.2;10.0;1.0;25.390662;6.98555e-05;0.036838;0.085163;0.000104189;-8E-02;25.4515;25.455451;0.044969999999999996;0.7120000000000001;0.7609999999999999;0.302858;1;44;2.61;18.42;1;2;397;32.4883;-0.997008;642.1858374757717;1074.2100263341015;FALSE;14330614056.431252;922021.5793043791;-1.5092160362392745e-08;7.448040941289914e-09;18.42;99.0;99.0
119;7.14566771849985;0.20322840228226224;-24.186202319534253;34.08080193374587;4232.074074812446;624.126708984375;1.0018085216442616;ztf_20190108116586_000397_zr_c12_o.fits;73.0;ZTF_r;58491.1166088;12;0;6.2;10.0;1.0;26.253939000000003;2.21086e-05;0.029113999999999998;0.119604;3.03073e-05;-2E-02;26.34;26.348814;0.047767000000000004;782;0.7929999999999999;0.31661500000000004;1;44;2.594;20.7;1;2;397;-3.15802;0.037835900000000006;694.8446620910597;1142.8785449538584;FALSE;31737710913.297886;646267.8065101927;-7.620651150805081e-10;1.0738267176989364e-09;20.7;99.0;99.0
120;12.994285449076932;0.363276998294812;-27.290819365760484;53.96705360735579;4979.326068403066;623.795654296875;1.0012771337028492;ztf_20181223165116_000397_zr_c12_o.fits;39.0;ZTF_r;58475.165162;12;0;6.2;10.0;1.0;26.264798;2.33302e-05;0.030279;0.135655;3.22481e-05;-3E-02;26.360001;26.371840000000002;0.052650999999999996;0.7759999999999999;789;0.31751799999999997;1;44;2.2030000000000003;20.3;1;2;397;32.6524;-0.997663;663.3683814224155;1127.0205389489195;FALSE;32056728571.90798;688832.0437789359;-8.513288966633991e-10;1.6834859954435409e-09;20.3;99.0;99.0
121;6.002226782248569;0.17238940628241844;17.316863940925415;24.88915499078028;4013.8309798081873;623.9177856445312;1.0014731711790228;ztf_20190104127002_000397_zg_c12_o.fits;11.0;ZTF_g;58487.127013900004;12;0;6.2;10.0;1.0;26.282946000000003;2.37621e-05;0.030352999999999998;-0.07808899999999999;3.28552e-05;-2.59e-05;26.226999;26.221396000000002;0.039282;773;0.7879999999999999;0.319321;1;44;2.271;21.35;1;1;397;-45.4387;-0.035818699999999995;697.9696351129821;1162.783537004166;FALSE;32597057608.152584;713409.518072795;5.312400937866992e-10;7.635399272184906e-10;21.35;99.0;99.0
122;5.468264683208027;0.15700092554622244;28.350377144023263;21.003379704095472;3897.33899508052;623.871337890625;1.0013986161968298;ztf_20180806455440_000397_zr_c12_o.fits;5.0;ZTF_r;58336.455451400005;12;0;6.2;10.0;1.0;26.274236;1.49243e-05;0.023854;0.12734;2.04141e-05;-2E-02;26.366501;26.375374;0.046848;0.7809999999999999;794;0.31664000000000003;1;44;2.134;21.32;1;2;397;31.2307;-0.31916;658.8718203776913;1157.6148945547588;FALSE;32336603387.477623;444492.1039022014;8.767271195527595e-10;6.495233731271941e-10;21.32;99.0;99.0
123;4.751097741312707;0.1370323643112955;-23.031067061964663;17.800571383607064;3721.553618480693;623.8388061523438;1.0013463983183688;ztf_20180818412211_000397_zr_c12_o.fits;54.0;ZTF_r;58348.4122222;12;0;6.2;10.0;1.0;26.252940999999996;1.2603599999999999e-05;0.022223;0.10996800000000001;1.70525e-05;-1E-02;26.334;26.340790999999996;0.041402999999999995;785;799;0.31766700000000003;1;44;2.228;21.49;1;2;397;-35.8732;0.51121;655.8529454466894;1036.6734738265623;FALSE;31708551268.01687;368083.7896076294;-7.263361503745259e-10;5.613807844816142e-10;21.49;99.0;99.0